ef63a48f736a05c216bcbbd4f2507444,noise/2.ogg
b8cafafa8a65161e61b61f09bf92d58f,noise/3.ogg
f890ad84a652b399d7dc1e2b817716aa,noise/4.ogg
b72c8d86cbec59a492f7d4b8a914d465,noise/5.ogg
2f10b6a0ba90f01c6613bb540f6cbd67,noise/6.ogg
594063e33cf90f9a22c1fbd8720a29ce,noise/7.ogg
5581bb25806b96c7f273c5d36a7accb6,noise/8.ogg
ec34b590d8dac859d95ffaf3e265297f,noise/11.ogg
0255af3c72ad584c92fb1c5d70f062a8,noise/13.ogg
be10dae4bee34a23f9599d0b9ed85446,noise/15.ogg
fbe274f97cbcbd180e31448297e9e049,noise/17.ogg
871f1e44541cf561628cdbef66a140c0,noise/18.ogg
4ca728be8b9298f7dc5da05789a9ec24,noise/19.ogg
5281c45964e1aa7c71b4deb55e05c7dd,noise/21.ogg
97f60845aff438e2b71444c285431c4c,noise/22.ogg
b5a2a9de4788aae4b8d04906d3e51ecd,noise/23.ogg
3a7a4f7ffd1f99b3c325df51a3a9b41f,noise/24.ogg
84677f58cd29cb928dc3753948348cbb,noise/27.ogg
23225e56f2bd2736ebfa0fc4cbc2b41a,noise/29.ogg
5c8083bc6e30f2e477e610789cbce962,noise/30.ogg
415629cc680d31df9f6c78403d83ca91,noise/32.ogg
fe4e7b7e741141094687dec64aad110d,noise/33.ogg
bc02779fd48933f88c0e777d4eaaf15f,noise/34.ogg
eab38407e876469a815521ff0f43f2be,noise/35.ogg
35d6e0049aeef002655f53a710655f35,noise/36.ogg
7575b9f79b79c306aafc4e5823da8af8,noise/40.ogg
1881fc95444a8c4adebbed9a0ca0e54e,noise/42.ogg
3377cf8b21c5fd8bfed5978e0b00144a,noise/43.ogg
9f6026fb5ccec526e118a8d504a380fc,noise/44.ogg
b15601a6b05d4e18de343f1d4eeaa7f3,noise/45.ogg
18851c7437af98ab4e762a108a3f014c,noise/47.ogg
47fdf29ae658f109cd24a8584a25b3a6,noise/49.ogg
c0aa8ab4faa6e70bb0cb40e5c723dc6d,noise/50.ogg
3c021b1bfc5bfff26fe0fa90a72e4235,noise/53.ogg
931ca1c5f824ebfb4735ea4eccfa3554,noise/54.ogg
ea63dc5ee7e033b505e069820881a7d0,noise/55.ogg
70dda1dbfd6d3f4113dff4f9bb2742b3,noise/56.ogg
2e42baee0e6e333653ab0b1d282ac5c2,noise/57.ogg
8ba73418fae0df13cefc95f5247ba844,noise/58.ogg
cb379fb8761a3f889a5c326f4c36b61f,noise/59.ogg
b3fe04414e7f9cdb96d4fd243022d4e5,noise/60.ogg
3ef1d920c14bc836bb87acdc0f9e4051,noise/61.ogg
b018edfa1a80c7564d19488de6d1362c,noise/63.ogg
5a6f972c56927fd7e6144d55b913c2c3,noise/65.ogg
8bcd328027d09dd28401d5995ca9fa38,noise/66.ogg
0f7529a73b58c78af6f0245457241f51,noise/67.ogg
64192e2823f53dd6603309172cf9f751,noise/69.ogg
5977762468d5504f00b62f57923bc288,noise/71.ogg
9bf618ec5fbeb5b3e40dc72a8fca9b46,noise/72.ogg
245c5eeeed0e24b24311fab38345a8f3,noise/73.ogg
10f1e831134d122e68c6b8f0004e4ba2,noise/76.ogg
6e94327bcae30fe95b4af1066f24fbde,noise/77.ogg
60cbb323756e2142d77bfb3af72f8ba1,noise/78.ogg
f1eb67607b735428f5b5c0065ee4ff65,noise/81.ogg
67adb9a73a1497d07b80b9d6b718be25,noise/82.ogg
b6d89de53c3ebceea5fcedfe3dbc5471,noise/83.ogg
acfb88398710a810814b12a7315ecf8d,noise/85.ogg
f26a7ff6dfc1d0159d151508fd6b5700,noise/86.ogg
2024f28aeb872b99971e4920f2696a22,noise/87.ogg
e07b495a6dccdde333754a245c8e7eb9,noise/89.ogg
8b624c0224dbd2583cbcb719083ba9c5,noise/90.ogg
430f74a64de864d21f72042b16b14d90,noise/94.ogg
cbb5e0238e9d62f7f2a86b2355cbf49a,noise/96.ogg
da94fa710f02dc87679ac7ea23d2880c,noise/98.ogg
ead7101090fe46bbf53b6455d3b6976c,noise/99.ogg
c4d368e21fcb928f70049a6f6eaf989e,noise/100.ogg
2cd6f8e54cf836d8154f66ee7ab15e71,noise/101.ogg
c37b43e7e27913991c085b5cc6276f70,noise/104.ogg
c53e92ff508faae5c2b7f3295f4cd7ee,noise/106.ogg
68a815725958db3759f45e6f5d9dc95b,noise/110.ogg
16d004c693f3e5cb950dfe25b6485edb,noise/111.ogg
e685ae60efb1c816b52e65b72f877362,noise/113.ogg
c75a3f138992d6ea4b18e7da4de56b1b,noise/115.ogg
ae8726f11bae44b9ff37aa2962aba4a6,noise/117.ogg
f3d1263135a2c813dbcb1312b0d5ab16,noise/119.ogg
7d126a8f10bb5c2da02cc8719d7816f7,noise/121.ogg
bd4d124ccc30a0be68bd838a01f6041b,noise/122.ogg
96bed309e850dd53214ddebcc1030f1d,noise/123.ogg
4e9e78e53cd79bb08f613673667c6b85,noise/124.ogg
734c10c16133f7c71c6b3e0c9ed95fbe,noise/126.ogg
fe1fba2e0d8971e6b182fc83f6e2a452,noise/127.ogg
0a28aef91dd21d242ce516e023f52c82,noise/129.ogg
ae63b3682ba5f43923e0dcaa1eec0875,noise/130.ogg
2fcaf66becb90738e76dde2bbd29ff41,noise/131.ogg
74b88932bb6006565e64bd73053c6107,noise/132.ogg
08619cfd7fb2be47c3e0d7dfceb62cd8,noise/134.ogg
207d37bc1ecdc8ae84c80e3ce4773669,noise/135.ogg
d9a8104993cbb0e62fc5d4d310a009f6,noise/136.ogg
f750bba681432f09594f704e9104fc44,noise/137.ogg
d0931de244ca3063146df85a10b43f8d,noise/138.ogg
68e3aa59e90c8bf43159cc601f56d82a,noise/142.ogg
4401507898cf7ab74759938d605f147d,noise/143.ogg
b0377a26e8f92fd7695d6d4fca374ebc,noise/145.ogg
1c69b27e5b3e4cb3e8791616bd11830f,noise/146.ogg
ddf4aea21552e0b833036b7bdf4dc656,noise/147.ogg
972dc80eeb7a108e86d4f9dc267b0654,noise/148.ogg
e52c8a884c41ba7b3add7af4e7046dda,noise/149.ogg
fd13e8d0775bc5a1229156140bc9382d,noise/150.ogg
09afa9aaa061fcaf6a05100be0047034,noise/156.ogg
24f2c1ed57691f9b085f3cf8fc76110a,noise/157.ogg
73154344c8bfade6742b36f1803b89e8,noise/158.ogg
8f866691f5a161d9b27c7ce657f17989,noise/159.ogg
8d172cfd970f7ddc61f8283078f2a082,noise/160.ogg
1ff2f8687d178b67a23f31c28c6a98fc,noise/161.ogg
ceaeb7120292b27f76ec44b6d4a615bb,noise/162.ogg
b0255e8fde04a02622b79ae209d3d738,noise/165.ogg
b3acc2a83978dadbc66d0ec394a96702,noise/167.ogg
2f310a575c82cc77f13563ee9020e42f,noise/168.ogg
b53ce2d924fa2c8ae78b6138113771a5,noise/169.ogg
41e5f646b8f1e050c8dcc92072312803,noise/170.ogg
a39e5307335b94fa2edb1cffa9ad365e,noise/172.ogg
2bb0f0ca6466be5844c80851be228ca7,noise/173.ogg
f1eaab412b27f65206bc23d4ca7c1198,noise/174.ogg
8cb25e662b43d0fccc4b3084c9248c34,noise/175.ogg
0aa0a9033e5341a1673e3e25cf925e47,noise/176.ogg
7b3be5c157d69fb81704faa3d7db14e3,noise/177.ogg
6a55f429901e7463f236a0ebbe6cbb50,noise/178.ogg
ec8f035b3ceb412e27af63136d08437a,noise/179.ogg
1164ed9a3f391d736d77aecd6254909b,noise/180.ogg
dbef002b699d317eb4fe979bb7d1b9bc,noise/182.ogg
1673c0bd3d46723efd87c02c2a3342ba,noise/183.ogg
26860ecf0a94c9bfca10b491543b1955,noise/184.ogg
2b713db9885635ce6d0958c83422ec2c,noise/186.ogg
67f1c7ac388e76c5e6606358506c2e28,noise/188.ogg
219cd653bcbdc4f189ee374e917628e6,noise/189.ogg
b4b95edb9542bf9e9d7b5ee471eb0119,noise/191.ogg
bc8ac4d518306159c0d5ad384905018e,noise/193.ogg
5d4309a1fea57683aa43bb335b828601,noise/194.ogg
09ae1090097bc8d870e0d36309371ad8,noise/195.ogg
b835a42b85996b63272d7032ef30883d,noise/197.ogg
76326bd874678743aaa8fe63bf8f958f,noise/198.ogg
874c41ff202b91f3367546d91d9cc278,noise/201.ogg
1b9007cf68889114a740e63787258d22,noise/202.ogg
da50e190cbda6748fd2784f3b86dc02f,noise/203.ogg
2e5f6ef1b4143775259bfd7b74558d0f,noise/205.ogg
568a1319c83a30a31a75cf9f92889457,noise/207.ogg
cacd82a923908d89f2b1c8b591d76641,noise/208.ogg
edc3da2be8b4fc9fd95990a6ca4ab7fb,noise/209.ogg
31ad5859bf1d26e084db56228e867b6d,noise/211.ogg
ed1b074442ea2fe5f7bbb29f0d036b24,noise/212.ogg
46539c59bfbeca70f86cde137bf45c2b,noise/215.ogg
2fdd45bee2444ecc0237002e709b5de4,noise/216.ogg
a95defdf41c7e6d1e7b8a59c8cd619de,noise/218.ogg
1010af57d34f03ea7b3eec122e7e8da4,noise/219.ogg
ee61d39ef9a76ed07759a41a6d0b8544,noise/220.ogg
f895aafceb8a9ecfce8c19f857abb3af,noise/221.ogg
e4c5e01a40ddae34a9a0b63cc9a50335,noise/222.ogg
085fa80c0f177a4e19e79652c46772f6,noise/223.ogg
148f762bbc2a5040a1bfae8a25008c53,noise/224.ogg
6e66a5ab7eb948143ad3b1516da382ef,noise/225.ogg
d2764aa537fbf1b65bbe596c72aca85b,noise/228.ogg
91415255245314dff0b45fff059ce10b,noise/229.ogg
a082dac413976db7e0452297d4d8248f,noise/231.ogg
e4399f527458077fc75c6a680c656e37,noise/233.ogg
4fe580acca949891945a357601a1bc03,noise/234.ogg
6350fe0b669a7988b531c1b8b0ee8449,noise/235.ogg
5c9961f674a1e87cbc2a8a9d32becbf9,noise/236.ogg
ee30ef6a172455f3bf634cda65b6acd7,noise/237.ogg
d23a04478d0ac9b5a6f85a683325b3ab,noise/238.ogg
0e57069f060ff116fe786ea8c3b4fdf8,noise/239.ogg
76538c3970237f251d7f439baeeea07e,noise/240.ogg
a7b0739b99af434c594fc25dba1fc1c3,noise/242.ogg
7b9102b7120a358a2f7f77f3b242b9c8,noise/243.ogg
9062c78f70c2aa5a0623736c44b33a70,noise/244.ogg
bf14e63a1227547301e3673e68a40afc,noise/245.ogg
75cdc65c8f24ad9addb1aa64e75f963a,noise/247.ogg
b5847830082a3236d8849cd9f6914aef,noise/249.ogg
052b730f1545026ac32708a7318d3b50,noise/251.ogg
d80a10a197addb56601ed48bfe208639,noise/252.ogg
48f71eae40051b401bc120a7017016c9,noise/254.ogg
8505b1a5e6074f30d9263297ba769d5a,noise/255.ogg
c0c34ba9d352e982fda1dffed7b9597a,noise/257.ogg
e086fdb60ad850d49620a78c27bc9d4b,noise/258.ogg
03cd81a79c0398435c12079ab1b1938b,noise/260.ogg
19482af296ec97c66056cdd10d77eb09,noise/261.ogg
a21f109f93313a0a296317ad5b053323,noise/262.ogg
229de9c04acb51500967d04d2226ba2c,noise/263.ogg
dbbf63b18bde4f9b9670aad3f2c9fb54,noise/266.ogg
e3219dc4a47aa0c14d45019c047f2bed,noise/267.ogg
b034f8d9192128e145198f1a2c55f1cf,noise/268.ogg
fb0f7565f55f1913836ade1f667c349f,noise/269.ogg
b8fd58b2153f40684163395641ffffb8,noise/271.ogg
30b0c92859fc9b6fb7766fa5949c45c9,noise/273.ogg
5e0a638dc6d634e4e7ff2a85234df572,noise/274.ogg
390cf3352eba9455a11f734bfa89e9f8,noise/275.ogg
1980f19533ab3b440a9c7428987832b1,noise/276.ogg
ed45a693e557ba5d29b53c64a85ee522,noise/278.ogg
6493372a4975f422aee1818c7d9a7fea,noise/279.ogg
82a0e6cb97367a9d057cc1f540404307,noise/280.ogg
92fb16383a254160fc67fcd5d454866c,noise/281.ogg
a5ce1ffb33523c90a8c372e8dff44baf,noise/283.ogg
dfb490aa4118c6c709764470e07f5bb2,noise/284.ogg
5e0226fdcd12bd1aa7bcbc97bcd4f06f,noise/285.ogg
59902df8330f8939c6ee18d8acb51883,noise/286.ogg
c54799d4038a04a9c6951270b76d9efb,noise/287.ogg
2657ea7f2237666ec7da9f97f4e19c5a,noise/288.ogg
6f67a4b660f66a4cd2ec9271b54d9a21,noise/289.ogg
c399be77cd236f786045ea8fb9873ed9,noise/291.ogg
66a4382b7f81b94d784e5a92d37712bc,noise/292.ogg
499116e85db358f142bb4bba77e1f3f3,noise/293.ogg
b763937ef716e35e1f4271bef02767ca,noise/294.ogg
93031ccab038285ee634f39b910431c1,noise/295.ogg
d37ec36b03b4af9fbc88bf687bbf1ea4,noise/296.ogg
4e441102b0d327deb6ab6aa7b298ac47,noise/297.ogg
cda21474636ebea57459e4be82f19d52,noise/298.ogg
eefc85d34cf73db8acbd4388ff89465a,noise/299.ogg
b00686996dd512041094bef59449b5a8,noise/300.ogg
f1c39805f364cdcef298afed1f4f0711,noise/301.ogg
fd0ae331eb620befa212528ec6cec7be,noise/303.ogg
005b1f1fe27e6396b87eccaa4508556d,noise/305.ogg
19bb58bda003be8be538997da47f133b,noise/306.ogg
d62fdd50801d26bdfa4831687225fe69,noise/307.ogg
d85e37c0df1a1db04f4d6d5e18cc8ae4,noise/309.ogg
0dbcb6aa21ccd8f4aff400d0ac0090d3,noise/310.ogg
4ca91eef709821ed9a1d1eef0b228afa,noise/313.ogg
b675c4522eee760425dc81cd5bfcd0ca,noise/314.ogg
10fb032de3f18a40659f3c592e5a7acc,noise/315.ogg
84f42b882e21fd9a9bddbea4fe83fe39,noise/317.ogg
8ebb90fa8861128f1ec04a20e72463f4,noise/319.ogg
e6212dbf88fd54ae1709858b77054179,noise/323.ogg
5d69cb1163cd8787704eac886036c9c5,noise/324.ogg
52d20776cbc0a76eb6c76149083f8031,noise/325.ogg
aafce93afe76022456530ed84bbf90fc,noise/326.ogg
5fb32da39ec43791dab6dbd914a3f53c,noise/327.ogg
3eab1df8179f758f58e269e1e311c701,noise/328.ogg
24e49b85a6829da35519c2121712e2d0,noise/329.ogg
47f33ec2addd29be9789d5efa5dc6977,noise/331.ogg
a3425176aa90074a3a30c06833adea61,noise/332.ogg
22699b46c063a145eff034a5c3a7cfdd,noise/333.ogg
6bbd5161e147951e46ccbc17a9b87194,noise/336.ogg
718b4613cd2e65c88b031f5412b3ca74,noise/337.ogg
d51b8ca39c0cfa3acb4d1e31b72da73f,noise/338.ogg
b44c953f8a7f732c34a1887dd028c6f3,noise/339.ogg
1472684233962b2b37bc729cafedb3f9,noise/340.ogg
7ae3e5100a23fb3cec955b3adde23798,noise/341.ogg
13bb5694048d54f5a803a7424c60b0c0,noise/342.ogg
adfae7b5cb57ad00981730253cdcceb2,noise/343.ogg
9c456c9958b48111a295aae039b2a052,noise/345.ogg
c99ffc2e1a2575a44e8332c60c6fccf7,noise/346.ogg
30634106a6630d642a44bb6a50764e03,noise/347.ogg
1175a22730476e035bef140e26774543,noise/348.ogg
644eacdb52024c6c6b99aff21a62487e,noise/349.ogg
d75017c549170f7ab089d179e20a6ab2,noise/353.ogg
461b4ba9ea69227551495d8faf479a7b,noise/354.ogg
68c08c392d0e97d1ffcffa9a35251462,noise/355.ogg
659b2ab2d00eae8c3ad19859a4265a44,noise/356.ogg
67013c39ba0eb23cb560e88afe96ccd0,noise/357.ogg
7066ccdb573c75731903d20c696ba006,noise/358.ogg
a0c8750c10b0df6fa1630ad39e0b095f,noise/359.ogg
6f15f97606068d2830fe5383f34bf550,noise/360.ogg
e8bb2900bf38daecdc38ddd73e4608e8,noise/362.ogg
a8df849376a460ed7dc50b4049894296,noise/364.ogg
c2d832c86456a762a912d617b004c7e1,noise/365.ogg
91148c52f7392f6241bf53271d74a173,noise/366.ogg
9c5d9e3fe153f3df4db4d3ccfe9d550b,noise/367.ogg
3a51a41237472b695f61297d1898b130,noise/368.ogg
e1a21f3c21a94278306cde5a088019df,noise/369.ogg
7284c28a0a5fb913c64a0a431b4e144f,noise/370.ogg
9de8f2424a0c6467b4f6a6c13f6dbeee,noise/371.ogg
a9c58cc1e6ac96dfe13ebaabed34431e,noise/372.ogg
893f2212cb85856750003f7a2455332d,noise/373.ogg
14f528006e463ec09d2f735c06ac8840,noise/375.ogg
d91dc6eac087049bea0995711cc65324,noise/376.ogg
353fea5a4ade942f7e3e0931fedef36a,noise/378.ogg
df7179c428c726596c37b7685f8528e1,noise/379.ogg
e27a50a64a502ea45c0321c2bf23f6fd,noise/381.ogg
634650e7fa5a3a3290b37fd6fe6fffb3,noise/382.ogg
79e08320d9adabd1ce8f4e5741d8b3ed,noise/384.ogg
836af079519fee040b6c6bf3f180740c,noise/385.ogg
9687c3eed1bddd30fb7afc023a8202c2,noise/386.ogg
46bef6630ef22be6b76f442b93154931,noise/387.ogg
ed48853285c8fa733304f3ac4d40e1e5,noise/388.ogg
e2780d423569a209f79d81aaa1798f6d,noise/389.ogg
79efd1edfe5e8668a77dc1dbb9badede,noise/390.ogg
30d9fef00e31c3d8ff48b1c6da1a974e,noise/391.ogg
c7a79e465ccb243594ed4329ccd3749c,noise/392.ogg
54b401a80000d84a0d2519d92fb3a650,noise/395.ogg
0ac3c1ed5118f5e75ce3d8449be12fca,noise/397.ogg
680b6e221042b5f6835b88189be5e17b,noise/400.ogg
ac3a785edcac1ab2444abc968f11beba,noise/401.ogg
bb898ddbfcf41f31ffb48c6c4713e6f8,noise/402.ogg
894e7f0eca03068bd203e3fea93c742d,noise/403.ogg
97b743f221eff9c2a6c2682bd5678ff4,noise/405.ogg
04b88999c74c97e6e742ae4c772b1c81,noise/407.ogg
3a3146c58bfaa5d852e8a2b69883bcf9,noise/409.ogg
c0fcfb8a20d2602b5184c1d008c56433,noise/411.ogg
2fd28105511d497e79ab891049e574f0,noise/413.ogg
e31d6f9f318c5e550550c00d59efb7fe,noise/414.ogg
ebdac81ca8edcbfcf706d69ece7125b5,noise/416.ogg
eedcb1c1eb88d9f13112d1070233793c,noise/417.ogg
4f277a3753c87b03036deee6c9e27933,noise/418.ogg
7d76d4fc423e4112f04ad115b25799d2,noise/419.ogg
51e54797c48590066b1382464cb95710,noise/422.ogg
7cedb92ba9b75be2f5b7eed306a43894,noise/423.ogg
c9e97d8931b31e8dd6bbee4ae41fcfcf,noise/425.ogg
95108f905180797a7d93b4c29138495d,noise/428.ogg
165a2b2bf81f145cf85966268aa79932,noise/429.ogg
596002f4086870c4945263555f113288,noise/430.ogg
967b5de57d1d5b2e16a4e05f80826c51,noise/431.ogg
5fcc446d166914a6227b2371f16bd6b1,noise/432.ogg
6e9fd5d81d1c9bf7a61a86a7be259e77,noise/433.ogg
b7162f093e715fe5fcd3e0fe008f5e06,noise/437.ogg
a0930947d84ec2b54ba24f66e1a09ab1,noise/438.ogg
6501a4f0e9d4ec404f4accbc8a680337,noise/439.ogg
276346e8722e16801b1d1c71b589d2d3,noise/440.ogg
b5b0090aa920b336e49955c71250eac7,noise/441.ogg
4be6d755fdb0a5f90228921a480531ca,noise/442.ogg
0a9735c90944f60c93721d4eb4d09451,noise/443.ogg
446d09dfb823385671e39dc98b1fb05b,noise/445.ogg
6f25ecfdc274f96476934a3409c5680b,noise/447.ogg
c7c8a01f76db133e83377f1fb03ca994,noise/448.ogg
fba4f786d6a4356fe61daf4b2a30aa0b,noise/450.ogg
648f9436a1e353d9f73b8f2e8e2f28bd,noise/454.ogg
936e0b4e13a16551496b952994956c35,noise/455.ogg
d1a4eda4aee49ffe94e6741bb1c76973,noise/456.ogg
b3df039ebed8384acf3c8e6605b883c7,noise/459.ogg
92308e9b6121c44d0265412b9332c1d2,noise/460.ogg
6c6b33d41a9240dfa56734cbb8c32bc8,noise/461.ogg
fb22b2c6a8779524164fdaa6cc0a58b6,noise/462.ogg
e949761d915795f663f6dbaa5b38e46e,noise/464.ogg
137d295c03839339d38ab2f01926c787,noise/465.ogg
4bfedbdcd5837b9944fd2b2a0dd82f88,noise/466.ogg
b9164b74872a415152142b3f0b708603,noise/467.ogg
f42ef1b59b58ea18e78909e75a2d87aa,noise/468.ogg
772d7a6c4089f65fff1bd9e6ed96344a,noise/470.ogg
d503f67f841535af3bd59c528d465551,noise/471.ogg
9e831e80e0f56ae8bb9d9e6ffddba0bc,noise/472.ogg
3866cd829fb3e7c6eaf0c17c24fdb27f,noise/475.ogg
f1879d0204b67a4792ab6b6c55a413c8,noise/476.ogg
24cfb223bf614ed3761534a52a893a49,noise/477.ogg
f60c957095af0d97191ad8980fdfd2c0,noise/478.ogg
999b23c301bc17d16aacb572978d90d1,noise/479.ogg
1553f637a23b0af695dc685d952c65dc,noise/480.ogg
3ec7e773e191288821ba0aa1a1fe4cf2,noise/481.ogg
c58edf6f0048f82a63aa547777f4b4d4,noise/482.ogg
2c6b372fd097e8f1fd6706b97d3316a2,noise/484.ogg
82cb763e6e91268ed9f506577d860658,noise/485.ogg
4a508adc7c8ab839aebe1bcf8f235111,noise/486.ogg
b4c523d11fb5f262d39cc0a23847749e,noise/488.ogg
2ecbcbef14b9e9546b591075f51a1297,noise/489.ogg
f6c244b0b61d84962ca33d613b1237cf,noise/490.ogg
856539e1b1b7c4407cd7d71da83995fd,noise/491.ogg
719e430663b2f2bfb70372a3a61bf19c,noise/492.ogg
005fce2efb6210d193927fb38b94b932,noise/494.ogg
9d0d5a1f124eb941c64d52b722a08b1b,noise/495.ogg
720c14fc6939646ccb21b2dc7745ddbb,noise/496.ogg
eb057dea5d31f1330d0c1dc311b0d861,noise/497.ogg
437897cc7f49c4147bddc13a316b4206,noise/499.ogg
06e57abb9fa9fc157b5fc3cdf665417c,noise/502.ogg
3033a39c1a01122492d2407c23f5e5ec,noise/504.ogg
c55a8d56f3bfb9832fa9ecf1fa38b7cc,noise/505.ogg
a9478d5ff6945d21eb4ad3d7b755b4ff,noise/507.ogg
bb5930e75653d1b7107902fd1f5b1494,noise/509.ogg
2e51ed3d667f4804b97f5cd03dffff69,noise/512.ogg
0e4429271bcedd737c8723c792b50445,noise/514.ogg
9bc967a3da1a6be0209014554841809a,noise/515.ogg
c3d370c4bf34d7e5fb867f1f9359c600,noise/516.ogg
3fe1388e717afa236c93ee917146f326,noise/517.ogg
a1dea1c6bc74f9c592360bdb7c87f645,noise/519.ogg
6ecf20d9ec353c5ee8a59c89bc46f35e,noise/520.ogg
1994b9804b78bc6c57cf9204289e3577,noise/521.ogg
92c7898f0f8d7ebf39dcb714b10cb183,noise/523.ogg
c5e5b5f365493a68853a80d0437b8337,noise/524.ogg
7369459d322c153df6cfde5dfcb90a64,noise/525.ogg
d9c39ee7f7631842cad3768f16abda89,noise/526.ogg
55ce4c9c6721b7347d6b7f8db00fb22e,noise/527.ogg
4d564fe08924a8057e39db9c6e39a8d5,noise/528.ogg
841e5eff5ce9c7faac8e42ed64c2066d,noise/530.ogg
e4286156d5f5a0a479b1c1244ad3cd95,noise/531.ogg
40e6afcc7b0ea3ba1499c24b31a98499,noise/532.ogg
41381bdb7bcd767b84cdbebdeceab532,noise/534.ogg
f8126d478b8de5f3d83d7eff3ce69438,noise/535.ogg
45d30e60111f4910b974d60629eb6f11,noise/536.ogg
8eee5aaf741bfd5e36d27212ab650ffe,noise/537.ogg
0f5f317add7614db3e2838d25c63ff0b,noise/538.ogg
b6b4214f501f30c179c225ccb553625f,noise/542.ogg
26974f948580d1c53a88e5fbea78f52c,noise/543.ogg
66a832454321368177c51c973eede9b9,noise/544.ogg
83f87071277411de905aa0ff373a570f,noise/546.ogg
6278873f5708ee53e5baee950573825b,noise/547.ogg
4344a700d85aace9df1fe6c7c738f530,noise/548.ogg
7c23a56f0b282dbb7bdf3210fbfffd28,noise/549.ogg
f5510503e8756ef739f40797f038f15a,noise/552.ogg
26a0a816e095ac1a3de66f0f9dc68f82,noise/553.ogg
cdb66acc602adc1fa3048cf9ba81355c,noise/557.ogg
e46137dd9af6c70cc53185c3a1c9db11,noise/558.ogg
2bf6b253643b61d56566f470c151999e,noise/559.ogg
ea83a8fdcb61d1281a49d6401c83b71e,noise/560.ogg
892801f25b233b0182ddeecb6a73df05,noise/562.ogg
a119a027ad953f0918aa652628551823,noise/563.ogg
5c6571c5eb83c2d36f3a1505433758e9,noise/564.ogg
f19dc2d478acc77a5775bae0bf0b2df6,noise/565.ogg
9e5767229c9a0a72fc790a7542128af1,noise/568.ogg
b0c6245683604e2016b24a9d706a8e97,noise/569.ogg
3becca7c1bd7240cd7ac4547675a0757,noise/570.ogg
f449b974fdb47e93fcb58c5242d61b8a,noise/571.ogg
3b2f7e978f4ed7ab11e5b4e3defe49f2,noise/572.ogg
fc56a25c9ecd6bdcff8c169422522d1c,noise/573.ogg
04451bd4b3eb1ea65d6da9598e48dac2,noise/576.ogg
20308779e71bdc1482ff0c239debdeaa,noise/577.ogg
8ebb52953b1c704ec9f47fba6126274a,noise/578.ogg
d9d9734b3ac0a68dec54cd1b03e21c91,noise/579.ogg
9ea0fefc1478882307837767e92b4134,noise/580.ogg
d7140b30da2225f3574eaa3129899b8f,noise/584.ogg
32fe6e1ff2e3775b85f21486c48b0fe3,noise/585.ogg
d3ef88e89fc3f805e93fece802ca0b62,noise/586.ogg
7c7da7e4fdafaf2e67adef6f0e92ba54,noise/588.ogg
bca4c46cc05015d559da29ea4487cf57,noise/590.ogg
850a9512a62e5299f74b07914703fef3,noise/591.ogg
06d5e6c7c1269fef968b018d3479a3a8,noise/592.ogg
507118631eca767a65399f87322430e2,noise/593.ogg
4968a14305051b8a496c91b167acb827,noise/594.ogg
e34223c9901d666baa13ab841674b66c,noise/596.ogg
ec4be5c29b0c3c42470108bf3ab667f9,noise/598.ogg
e2b29757def7de5424dbf5967f9f4101,noise/599.ogg
2559cda7f4d83d96abff3e9ea622fb12,noise/600.ogg
8bbf7997d8f368c56c95b9d9d73f9596,noise/601.ogg
f3e97d702b9f57268b1a3dde4d45cbb9,noise/602.ogg
975ef1317e0a1d1f7dc5e6db184416d2,noise/603.ogg
d04d9a8908b988213d68d7cd0dcc16b0,noise/604.ogg
0d77e2d4e7c59e40d27d242cc2ca20b0,noise/606.ogg
007b4d4239d3b52012f0299d05774880,noise/607.ogg
465fa5d96d00d03e5a9e0ff63e26d1a7,noise/609.ogg
b60f0e94a988a1eeca2b4fae148cdefa,noise/610.ogg
a0d561440f965c1ff918bd4e80bd7a69,noise/613.ogg
657ddcece5369fb1078c285ee5b22b21,noise/614.ogg
e7c1b7ff1315ba560a11841ae2603ec0,noise/616.ogg
48fd5ea3b1ddc95d6564a5171f682dd5,noise/617.ogg
2155198b582cbccd4c14e3b47ec33664,noise/618.ogg
393242795b4226328fecc1a9cff3424d,noise/619.ogg
6630d1e7e1c1983ca36c46f9556dd761,noise/620.ogg
678b21aa03a3d25825d2402c55cc2693,noise/621.ogg
d2e949fcb2a2853bb26813d8c017e017,noise/622.ogg
b367b6216d3b6b11ce56f2507f03a144,noise/623.ogg
fef7672dd871ea0cebae50a286a5a77c,noise/625.ogg
673cbd2dfcc3185660ed9b15ab20fd61,noise/626.ogg
53c5726f232444ad0a21b10fb3efdd94,noise/627.ogg
aaf4085a8254957793be7f2434d3b71c,noise/629.ogg
3d255eea5ca923432cf19a98e180a8dd,noise/630.ogg
3cf080c9271a47d31e858e8c78e2cfd0,noise/631.ogg
3268c2a1b0eb3eb705200d3dc0a56255,noise/632.ogg
deddc8fe8a23a98a25ab23a1d446ba8b,noise/633.ogg
62a276a349d4b298d96ff6579fe46696,noise/634.ogg
e007b264b4c5c4d897a58e38a056f9a0,noise/636.ogg
820cb8d407f179894a1f2d7467dc79fa,noise/638.ogg
c334d17087b3aa12a58520e07162f376,noise/639.ogg
c232495a3d4e3854550e869bcf06bf60,noise/640.ogg
a0745aae70c457ff58a0a9f1a51b149a,noise/641.ogg
b75ecb50a0900d11739c8c04bdb64927,noise/643.ogg
cb36a8cff0a37ca6e50b676d0a5e4996,noise/646.ogg
2e6ce0960ff049f4eb8954dcc2a1f2be,noise/647.ogg
dbdcdfb0be105bdff2f3bd8a9c1bf777,noise/649.ogg
f25e2cb6666d05d1532ac5bb2909ef64,noise/652.ogg
19904ad68b971a89c680ee104909880e,noise/655.ogg
0536928287b081a2ad09dfcf6878b6b9,noise/656.ogg
216ebafb1aea0466a738018dc6b85200,noise/657.ogg
935e03199c9ab0143667ff5d691fbdb1,noise/659.ogg
9a5c45155dc1b93b0ff2dd866162ea66,noise/660.ogg
588d3ccfc01bb6a73f1118f373dd4c93,noise/664.ogg
6c1a6f7f734655eb5c0e806ce3efefb0,noise/665.ogg
efe4d005aefbc7f31925a3c58a91b473,noise/666.ogg
b9842aaff9729a6a1092fe98ffd588ca,noise/667.ogg
a2403127cf95b91edc334e7ddf10c3a9,noise/668.ogg
02e7bc2936e7ec24f107d3f70fa3a701,noise/669.ogg
00b8fb92545c7b0b7759e4b76b93ebc4,noise/671.ogg
883970b3d679fc2eff53394a09f45178,noise/673.ogg
3708a67f8b81db7f372a827ab669b579,noise/674.ogg
5e8850833a3f8c4fa249739d0e6a3035,noise/675.ogg
490c9ec279b44990154c376ac1a8be18,noise/676.ogg
7d0aec0d75fa15b7b6a2f6180908c2b0,noise/677.ogg
d8ef89017873469cc913e9a93866e7e5,noise/678.ogg
9c0fa30f4b1f999b9723637bffe57fe2,noise/679.ogg
3037266e81b402dc2545d46b0cb878ef,noise/680.ogg
e4d71160a93f7c9677a74f3864040e01,noise/682.ogg
392550e790c6078f0cccbb5b99bfe1e4,noise/683.ogg
b9ca0939280a643e11cb9f32e19f320f,noise/684.ogg
58792300472de0cc0e392216bf136f0a,noise/685.ogg
65b18bb90b918c7cb5c704741ed8b562,noise/686.ogg
b7acb46fae02e6748ff7c4098e891863,noise/687.ogg
ad98df5a1e61ff0fa32f80b4a40d9763,noise/689.ogg
998af30cc53a048921476bf90c384825,noise/690.ogg
c821b00d70a32140232ad78bfee44a2e,noise/691.ogg
8f577176bbc25f32560981d7337b195e,noise/692.ogg
f9404794e7f1b88fcf75c6fe3a2e7e9d,noise/693.ogg
c20ba7d56e9003967d90c6a9f0575165,noise/694.ogg
d12d78ebf93c463f6f2e0f47c7413e15,noise/696.ogg
3488362b37e88ff1ea45cce8b7b0aa29,noise/697.ogg
67796d7d50c1e59031540818a99a6f87,noise/698.ogg
c98d3315364982787976a87437347a08,noise/699.ogg
ac2486f9f511627455bf4cd9fabf5c7f,noise/702.ogg
82d2d0ba12d89370a8bcef7e5233d7af,noise/704.ogg
83a457b571494a657a66e9d734d71143,noise/705.ogg
1a9f899680ac2afacba22b34bbe2561c,noise/710.ogg
cbe35999840b4f91ec03cddbbd4a76fe,noise/712.ogg
0e3d2ff63eea960cb30be786d83d2068,noise/713.ogg
e8e4d70d4b2c105ec72484df9651f7dd,noise/714.ogg
63fd5cec66e92c5f586ab642926eff24,noise/715.ogg
8def07959a1c79a2a13586f6a8067e12,noise/716.ogg
dc0a8502a436eacaeca0e95ed5dac932,noise/717.ogg
9309998f68e3feae854caea1683bb687,noise/718.ogg
e9b9f224f65c23a44af02801f079a0fc,noise/719.ogg
317a4ddb89dbca18908188bb16b1445d,noise/720.ogg
f1bd90ae7911228d8fadba10ba6cb1e5,noise/721.ogg
1c894b54a084c64a56d18cb342fcb91a,noise/725.ogg
896e8b5dcc9d058bfbc3b4281973caaf,noise/726.ogg
1dcbd04c49ac158f2aed5a95cf84f659,noise/728.ogg
99d457747d2b159f192a0ae13b625f29,noise/729.ogg
6e0f887f85b1ecada3c21f9f9035890d,noise/730.ogg
4dc09020a50327d249ba04270fac221d,noise/731.ogg
234df7b5d774b563f547000bb6c4f0e5,noise/732.ogg
981f891c02007fb4872b50233929708c,noise/733.ogg
66dc9920375ea4c702bfc059f1e7ef68,noise/734.ogg
95c975717e6b1d23f73523e75035e04c,noise/736.ogg
189e77d2ad1df2654c7601175d889a2c,noise/737.ogg
43e6d115e54e570875255a05def1e4e7,noise/738.ogg
c6533657884cba511951673ac7bf8340,noise/740.ogg
6f224a83af75c4c546da3e8a1640b8e0,noise/744.ogg
3107bb5651693742b02022cfa49adaf7,noise/745.ogg
0ede181dabd7853d95e76f01915d2377,noise/746.ogg
b99adaf7f8d8fcc6935758f573244dec,noise/747.ogg
5dc23053709ec09bec9d5d44e86a1408,noise/748.ogg
53046836b483c30d97ff8ff489515330,noise/751.ogg
b219c3b2e76255f4d72c6ce794baccf5,noise/752.ogg
e665ee75f8871a2b32a26afe2bb309ed,noise/754.ogg
37380a72aead729a3e6066d703e1ef30,noise/755.ogg
581ec5ab4db7b9b398b40aba957c6200,noise/756.ogg
a051f819dd69d1bd0b860f68bf72a1ca,noise/758.ogg
ad68d627f4292e8d4aa3d8481cc3d1ac,noise/760.ogg
b3ba9dd87a59ca6cca17b3cc345bb333,noise/761.ogg
905e3c86af7a0f0cdc9415f4b0a94c96,noise/762.ogg
402dc4d4275131544c7e17e621935b7f,noise/763.ogg
b869e4abee569220dbc237501af7b9d0,noise/764.ogg
55f9988d5e2f91fa66c367051af6117a,noise/765.ogg
4c7c9dc0ab27af3aaf976f085f4eba19,noise/766.ogg
dee2d1d03e934f3599ab7d07d3f52a3d,noise/767.ogg
922f35517daca6ff36459c6e8ea6d66d,noise/768.ogg
cdb0b3a86427ca20e46f831fdeb24d27,noise/772.ogg
f93e1a944a6ee1132a05171a36a831b2,noise/773.ogg
de67c04aaabc4a2151782119ed9b91ae,noise/775.ogg
d60efc058988ebadc10aaa3e67097b7d,noise/778.ogg
104bb6323636bfc435b45d3b6ad17b84,noise/779.ogg
732bac28bf5350a8d35629ba9f9e8c66,noise/780.ogg
b6dd2ca5990fabf3a6a42efd07f39f6e,noise/781.ogg
429e44cc69a5ce6c7934750cc77096fc,noise/782.ogg
b4c600ab54fc43b59ad671941337e2f5,noise/783.ogg
4a3ac939890b95106bdbbfba27af6827,noise/784.ogg
d581419f991dd3ff77df0e56b8d5ef0b,noise/785.ogg
644319753d3f7910741a725d23025c52,noise/786.ogg
0c196930943171e196a676d7ba4f7f77,noise/787.ogg
e17c81531e3075b606de8ad49b7a20b6,noise/789.ogg
c0e43a52ffbb293808ad4ce879b38cd4,noise/790.ogg
6634a28ac3084dce418f8f291663d55b,noise/791.ogg
99ae4e523da31aab4a7177f04591d0ee,noise/792.ogg
6ffafe4f58c14065c836e0c05e7f3341,noise/793.ogg
25a0b5da86d6502dfd6a597f6b03f421,noise/794.ogg
af70f43ce54ca4dc1dbde177dd8a727e,noise/796.ogg
b4434609ee91dfabb232499a865a34c4,noise/797.ogg
88dd0c9266da1a2fca202e49738d8ab9,noise/798.ogg
74f9816f92f8711d5c996240daef36bd,noise/799.ogg
6e17a43b07fb0b007af2e798da965684,noise/800.ogg
8d185a7a88759a2023bcc3062c766ca7,noise/801.ogg
45fc6919ef3df17d365954dc98f521b6,noise/802.ogg
bcefbb65fd8a43803fdc7c76c70586c6,noise/803.ogg
909221bec29cf87322c88698cbcb7b0e,noise/804.ogg
875f3af35c28bcb3ba638821a9806a0c,noise/805.ogg
084d8f032f52aa2854d776fb7e92886b,noise/806.ogg
917e6efb6099864b5afc3cf23e586b01,noise/807.ogg
6a409a92c5aca9d8063b4daf566497f1,noise/808.ogg
dce582b20b067ead9aa6c010c1d1ba87,noise/809.ogg
3e195ddbf5e17e71d62e5746271fd3d6,noise/810.ogg
08a22724556629a570b7b6c21e4f0abc,noise/811.ogg
a65bb78210994a5babeadd64ae0cf227,noise/812.ogg
472e124612b8d6f447971ef08cc419c4,noise/813.ogg
cfe09686a985d37e26ded90be5bcfb0c,noise/814.ogg
76ea3dd74d01c2a00da1bac988bbcd31,noise/815.ogg
c5189dbb7f90c3e6e7e224e5bc1ea2c4,noise/819.ogg
cd372444a2fb090cb35ac563ba5ac93e,noise/820.ogg
01a24ab53f5719b8776f18ba5ec38b85,noise/822.ogg
f26b09e6d3aace56fb96e8f68b5ea103,noise/823.ogg
d7c9326f91ef9bd8041defdd328f8e4a,noise/825.ogg
f91f8a8cb798f1f865caad1eb2f9d7c1,noise/826.ogg
10c1d2111079e6e7f5a508f01565d4ca,noise/827.ogg
a0162b0a2d42b14e7e77b87cdbe5ca51,noise/828.ogg
97279e21fedfd1c7c7c3c12a07ea3e8e,noise/830.ogg
b79f9ac31ea4346c104d01a5d0c1abd6,noise/831.ogg
35cc9d5bdee8ee603802fb33591b2e26,noise/834.ogg
244b6faa850c97422e3201f25b965a0d,noise/836.ogg
11dec1bdd674e40ef4689199f9bf9b70,noise/837.ogg
619ecebd48540009c9c25f09282828b0,noise/839.ogg
c9c27729998ed526cc10e65fce937f88,noise/840.ogg
13d0548df4f49c87be87bf3949ebec3c,noise/841.ogg
e8e607bb06718e34ea9707961e65230a,noise/842.ogg
585bf2da924b67f595ef0a850fc8dc1f,noise/843.ogg
4e6fc2a0d92d82d00ef4851f8a8316c7,noise/845.ogg
fd759e9200cdc6820f260c3cc5b43eac,noise/846.ogg
c107f0d1a60dce2473b549b7af1404ed,noise/847.ogg
f39df1e7765898993a723725589675d4,noise/848.ogg
36e75e9f39468e558ff5afc3506b0a2c,noise/849.ogg
f582838531e76a8173204fdfa60f52fc,noise/851.ogg
8b052a9375e7edba7cf4fdfa5742f33c,noise/852.ogg
19258d6581e55f6efc50e4b5a2d9cfac,noise/853.ogg
1add038013b30c37f513d0894b1d55a2,noise/854.ogg
4d49bcbf7abef7b3dcf90586054c7a63,noise/857.ogg
4c5a536c1f24878faf9926ec0c522026,noise/858.ogg
86ea3d9dfb7531c721e3037842e3a4a9,noise/859.ogg
98fe0e98b5c915be48b7b13743b6031c,noise/860.ogg
26d78cd80bd73abb3cf5fdb2170bae3d,noise/861.ogg
b794c8dac906b1590821f36d076932a4,noise/862.ogg
1fd5d0798c58e138242de236a8342779,noise/863.ogg
0cdff6e65a6cb204d98f571c6872269f,noise/864.ogg
a53cd4f96889f2c29c9e4b5ad3f5092f,noise/865.ogg
138c6a49072019a9f83cdd0882a21ac9,noise/866.ogg
70cf523be3136a355f23348b27c7b1e5,noise/868.ogg
d60ee560169170ab038080a28d431f38,noise/869.ogg
53cfd5b577a5abca13b74e21f4d1d26b,noise/871.ogg
a52847b99596c9d02610e396226a9bcb,noise/873.ogg
e722158f4d4b7c361e4ae568dd243de6,noise/874.ogg
e1f94011a0db73192bd70637f347d280,noise/875.ogg
b340cb69bbb9d298679396d765604e02,noise/878.ogg
31f9f87c61532c79c7b8172021a78db4,noise/879.ogg
9143492628362846a6fa5986bafee226,noise/880.ogg
e6945aed8a6eac4b4c83f1364009244f,noise/881.ogg
45c854b60c9558998cd637fed61d6ba5,noise/882.ogg
a997984461c307f4600f5ad1f7ea8565,noise/883.ogg
cb5ab4fdd5ccfd142068c3284789286a,noise/885.ogg
7937700d960616b0da4d734511ab159a,noise/888.ogg
6e4a3f54135146beb0ecfd70c080fe5e,noise/889.ogg
e4f4807ef4e3f68b095bf0245e6b9d5e,noise/893.ogg
c5c86bb217f3533b0c5de04b09024874,noise/896.ogg
d38afd04b71e9638f0c8420d0caa1acd,noise/897.ogg
315b15bce06958c7dac763a19e68e4ab,noise/898.ogg
bcd57553cc35b7ba7418d63de9bf5a9a,noise/899.ogg
6a9694e7278fb78603e6413b0f8355af,noise/901.ogg
a6c2f7056e2036ee45ccbf379d00b00f,noise/902.ogg
340593722b16b9bb35eccfb27ee73f8e,noise/903.ogg
02047c8d72fcb37ceab46b7e74a2eea2,noise/904.ogg
142368b66fa7d2f7381b2ca701642918,noise/907.ogg
12d6057d00ad3038b743810cfc487c47,noise/908.ogg
a2550c9701fd2134087295817aac69b6,noise/909.ogg
3515447bcb80d1275e9f276fb631ebc5,noise/910.ogg
9a7288b8ca7fc5472952e3cc1e25ea12,noise/911.ogg
04e203fc72705ee7c2b1c7343a1cd228,noise/912.ogg
4f9599c5415442552b432e3f240f37fa,noise/913.ogg
3487de3ce284e7d0fc24b6afb46cfbb8,noise/914.ogg
042601ace7b1314c765b1e5f3ccee324,noise/915.ogg
594dce6375b586d5685e2d31549e2ff5,noise/916.ogg
83c312244f045807ee1045f68e732073,noise/917.ogg
fcc15f1faec23d600ea9459f9ad81ab5,noise/920.ogg
8f55d3065be4d9429af398d4022f0730,noise/921.ogg
9fe03ebaaf0f01ccae6eefa85df7af00,noise/922.ogg
f6e56a5e5c4423e6ba80ed20fdcbac0f,noise/923.ogg
a4d46454b18b9fb174bbc66cd46ad67d,noise/924.ogg
34d7a16d2273d8794f2f63d5e8bac284,noise/926.ogg
5f381a851e81b2bdd91451ed52092a06,noise/928.ogg
2751dbe9f3636246107f64cefd34b38d,noise/929.ogg
6b3b2df145aabbd638f66d2095433587,noise/931.ogg
255aa92942cf25c715a0d238a76da982,noise/933.ogg
f31834b27900d5cf1d7be602d10dd1e9,noise/935.ogg
181949974a7762d0ca260607bd94b1c0,noise/936.ogg
4cf39564740d2216e202843c0f6eb4a8,noise/937.ogg
bedc4e9e205282407a596fe2893080bc,noise/938.ogg
4ef11db565ffd3f1572058897365e829,noise/940.ogg
0e45c86eb4213df510885c3338c7164b,noise/941.ogg
5ad19cae7fb8ee688bd72e0505c00673,noise/942.ogg
0f3426e8537e6fcac4cb2ab03edcc906,noise/944.ogg
9940ea13f16b30629b1adbeb469a7dc1,noise/945.ogg
d1b106fb1dc555a07278abec86f6893f,noise/947.ogg
661005bd4078777d52c4f3b8330288d3,noise/948.ogg
d3ff44f76a735b87eb987ac73e4cd8c3,noise/949.ogg
f5c0d32b0850e8095835fa71e3198448,noise/952.ogg
5c921b3f3c9856835df5b4e59d9b0eed,noise/953.ogg
de4c52913640e4765dd1f615b186ca9c,noise/954.ogg
5566964d831909a18bfa736020cb81dd,noise/955.ogg
e08d005b92e7ce15c6ca1e006c43a02c,noise/959.ogg
baa022aa18d22aea3bb1cb8eb20530eb,noise/960.ogg
943406489a0483671b68839a872af3c7,noise/961.ogg
1c3fc0bf663177a622b4c059b4da613c,noise/962.ogg
f76b8a9dcc26b4737a17c0fe8eda05d1,noise/965.ogg
6b6baf0a907dbca175aab309a7fa95da,noise/966.ogg
f264f056f79885f4d1feb2a25797ea60,noise/967.ogg
d46884c9db5fe531cb10d983d67cc784,noise/968.ogg
2ac675d636abebe8d2182e929ce38d38,noise/969.ogg
3209f980f8f071bc7db590ac2c49b7a4,noise/970.ogg
5380ca1f9f0b4664f3b9af251a1954ca,noise/971.ogg
70b5229f14dc756e827a10040db20b79,noise/972.ogg
8e54636c09d9b075439f8009c8fddf6a,noise/973.ogg
44429412af4cbaf1358d9e321e25edf7,noise/975.ogg
4a872345bcdc282976f22f9df88ea9f6,noise/977.ogg
95e7425133b504f506106091c9e8fbe9,noise/978.ogg
7634553fb7cc923367270fe3958f86bd,noise/979.ogg
524fa1779c46ad31eb7e21556e701059,noise/980.ogg
79e71955eeb317ac1f9216e84139d8d4,noise/981.ogg
26358828716403c850eb355945a7825a,noise/982.ogg
5bf61ae1dc87d36bac5a882656a87b56,noise/983.ogg
968d0426c04b857a29b80f63a83a82fe,noise/985.ogg
e8c6984bd3a511a9a5a06d2306a6b8e8,noise/987.ogg
63b3316db84eb75139ab80a413268923,noise/988.ogg
b3cc1218f94b8d94b82350a3a0582228,noise/989.ogg
d55c95f7dd5c589d3809c5300526c6b9,noise/990.ogg
911b360b1c83844d4b3245f1894528bd,noise/991.ogg
26c181fa9cdc702750831d0043a09b2f,noise/994.ogg
6bf7a2838d952e6eeef005c03252471e,noise/995.ogg
346f13154ffe4637c5962924925feac4,noise/996.ogg
2e2409c489bb9cbc4593091ce51b2b0e,noise/997.ogg
45d70bebb2b6c41c2787731500d6a7dc,noise/998.ogg
e363b756af0d7ceae5ef7d8b2cbb5e24,noise/1000.ogg
83c636be020d7faa0caa4f7d31d8fb23,noise/1001.ogg
e8026bef5b847197ed147c77ffc612a2,noise/1003.ogg
e93133c2e703701d2e0bd7e728bf5204,noise/1004.ogg
09987fbef0733c07d4cbb06c9c96932f,noise/1006.ogg
c0be03dd9794c564856d5736fd806775,noise/1008.ogg
9fc6b94d3e20381bccecb9e5c67e85de,noise/1009.ogg
fbe1ddb7ebd377a4574d3c9060984b2b,noise/1010.ogg
bedb55cacee68dab674d01747cd7c17f,noise/1012.ogg
3d50d44c29a3c740413a74c3685ae797,noise/1013.ogg
bc1ea4b03802395727199ea602098de5,noise/1014.ogg
