9af4b4d320e64cc2fabb3792d1f785b6,1019.ogg
b64a22e898bf69b5a63c31a0f11ec184,1020.ogg
8a9dec5bf9b2682174f8290e33a33de4,1021.ogg
728acb1840943d02498512226250912f,1022.ogg
16c3385277174eaaf167d64a21e4d02d,1023.ogg
82d7d76fa4e8b5f0db242dde6b233afc,1024.ogg
896b7c01fb3229e169ea6c796df60cbf,1025.ogg
e0efad69a0aaf8c8ceb07471da7e66e6,1026.ogg
e3aedc26038fa9c56d5f37c98b6a7b34,1027.ogg
70e7b890348937a4a2db1391da518488,1028.ogg
2dd3e8999b1a81626862433eaeaef306,1029.ogg
8c054043ca0da1571ec6d6b1ed2bc878,1030.ogg
4dc447e620c4019338623b4a4f501458,1031.ogg
c9abc0126cbd6ae0aa02643bec14f040,1032.ogg
201283d06c096ad93706315b7a795efb,1033.ogg
2c19f75f3b1159afb5c1632925d637c0,1034.ogg
1a39b9f7154888923ec729c34f41a2e2,1035.ogg
643d4dc9afa560dc81c22af37ebd93f3,1036.ogg
06c83e927a4c24f54af9d5ac40f0eb12,1037.ogg
e4f8eebf8b95fc121112bb90257caa6d,1038.ogg
7c6166adbd7ec242f8804e5795c7684c,1039.ogg
af6e719d3798d427e802ff06da968be8,1040.ogg
d82ab5e0d50dea5651112ee9a6f3e818,1041.ogg
4cdd981fa232036eec18707db18a9acd,1042.ogg
b1f3b37070d8f652ea613bf816680d78,1043.ogg
5d6f635ac515ea2b965bb528a80ff70f,1044.ogg
de20906aafa47423f5400908ac83260e,1045.ogg
380f4b174e18c58396739f42398175bf,1046.ogg
8bab78dd24705372b9fb8e6c944c186f,1047.ogg
531141d689e014cfa53d25105e0f5c55,1048.ogg
968b5e08bdfb2bfcf175633b9931e989,1049.ogg
202320de857cf8089c65ae3709da37f6,1050.ogg
29ffc8b223aa932db6b02dd2d915933d,1051.ogg
fecc068c35d15d4490cc4b6c8b71a2b2,1052.ogg
9d7d60daf40f15fba63031c997d74c4c,1053.ogg
d475f68b5ffce3081bfd7c6ef2f4d71e,1054.ogg
29ac0d315d6d84a4a718f95b273cffee,1055.ogg
ce4320d4cefee6d0d0f5aa0d0416b065,1056.ogg
7323981b66761b3bdc0f6a9b5c861211,1057.ogg
072b1dccb586395ebe7d58ea247d93c7,1058.ogg
ae8a687d9fb4904326c6794e2625c808,1059.ogg
7dcb15225eba1fafcb3fb18e87a7de4f,1060.ogg
023e2ec58bb2c12f563154c8e90a4228,1061.ogg
012e37c875c7a0847b99ddcacc50dbb1,1062.ogg
9232e490be2446886c0f31c9a8bc2787,1063.ogg
539ca9b1a5362ca9603181210925ed99,1064.ogg
f4b52a44c2a7beb56f99ce359b44824f,1065.ogg
c56b2ea4a275052bb9ba35ef20ade180,1066.ogg
12e1a0165fb33730c4a0a75f35cf1136,1067.ogg
102fbfdde6dc1da11ad7b8f2073c0a1b,1068.ogg
64c3a1d7c5a7c1c70f2d03cdb8e2202c,1069.ogg
437eac080e0ddd86e0fcf9af7e95eca2,1070.ogg
84cb994a13f631a65e43d3ee9e03507a,1071.ogg
c6abc6f91515f56ef2f0c970099c0d70,1072.ogg
035d8053d5598266741314b1b3bcd827,1073.ogg
ff06c1ef0aabb9fca3dcb2caa8023a5f,1074.ogg
3aad95ab7c6643ca3b1e6a349b6fd593,1075.ogg
29dafe5ce4eee2c0fa43514d313fb925,1076.ogg
5c816b867d02fa842f422b0286c2a87e,1077.ogg
265dd96623f441661a0c85791d02a41c,1078.ogg
59ba9c0b4d71a253786540cdab18dbb3,1079.ogg
fa21f7ea56e1a4ca22c62fef8e194bfd,1080.ogg
c43850cbd7473adf510dbccf7582bdca,1081.ogg
de72a28570e24c8ad1d88455957aa7d9,1082.ogg
155722e72452a24c064fa3aaaced1a45,1083.ogg
b77ee93e681d26c501fbd1f8ac2e03cf,1084.ogg
4b9fbe6f08741c17f009e927dcde46f8,1085.ogg
822121a4b40171065ee8501d53895b98,1086.ogg
ccbb45bfa8de3f180c5b9e7607015bf2,1087.ogg
0737c3ab4d7a284e5a8b88fd356d3127,1088.ogg
9d73f9d71945c886a542137e9bea57df,1089.ogg
b0c5bbf43e3f87a4af26e0959cd62f4e,1090.ogg
9d68d28990f9bb8ec0782ed1b2fc8392,1091.ogg
a108cb51682c8cd4d376a48f57c2956b,1092.ogg
d855821eb81db85b4dec488a05586854,1093.ogg
32b6f16cccc637cb18396bcd77da0b41,1094.ogg
ed6c82da052d3105b7b156b9c5f6ae0c,1095.ogg
f5a8595c651c8253619df42ebf68a500,1096.ogg
e90097662182a3355f083701d75603c2,1097.ogg
722601074c24289692b0903f5b5a0a18,1098.ogg
8419f0bd882b6d9a2a1ceb20f37dcc81,1099.ogg
fcf62a6991e4666a9bceaec680f56bbb,1100.ogg
e351f61e92af966f132af62d480665bf,1101.ogg
67166fcbc045d9cbbf8d6872400bacff,1102.ogg
e0152ba3ab377090cd815bc1c5a05509,1103.ogg
06be4a6885a7e6b1f47c3e394f42a3c2,1104.ogg
55b62ef65968c77e42cca54c2288d64a,1105.ogg
5f7a673841339ac23028fe6fe71b1c42,1106.ogg
e6989b6e2d7269f544dde5c12602f2de,1107.ogg
86d5447e19804f751d4b8a89df457bff,1108.ogg
0b40393d3288aac13f7fb0f2bec34585,1109.ogg
a1f746b93c14a680fa66da898b8989f9,1110.ogg
41b958a112e1dd3f28a8e60e9a8135f8,1111.ogg
88e5043ee8174f880ed55b6682d949ba,1112.ogg
18764fa5cb8f59760d22140aa3e5d941,1113.ogg
33ad5042861d715328e110cdf79689b8,1114.ogg
bcb7827efdcc09e9997916574ad9de6b,1115.ogg
4ac5f42624cf2d44fe2016f0095e7985,1116.ogg
ed9b4a010208ccef46fc9216c78373ae,1117.ogg
231bdd985ef7863cc13a61521c25f7ea,1118.ogg
f919cba298a25fb4be9ba0d379c8f4b1,1119.ogg
3751a3c9941832ee6725e4db9af87e97,1120.ogg
12e6ad241a687271d26a25403b74f27d,1121.ogg
63bf7f11d45822b028cd1523a2add2fc,1122.ogg
c827f82b679944ff3c0a37643f99fc47,1123.ogg
2d5e40229abbaef89a373c3aebf1ec30,1124.ogg
717b07c0f8146d323fa36224ff25972b,1125.ogg
35f4c0440bfbcf6f46a93b1843da4582,1126.ogg
1e30a2fdf5c897b151833918b089838e,1127.ogg
8526f2517eb81ec6211c9131675d814b,1128.ogg
3193bcbf5ef88715f657e852f8cf259f,1129.ogg
712be5a660de088eb0200777a40f9485,1130.ogg
0e8c5d15a2d96e3148803569681ceb9e,1131.ogg
d1d3f4b2d0ba624ee3d135ee31834d58,1132.ogg
4fc9b1a098bac0e2bd38b1710b3cf26d,1133.ogg
af76f712a078f62471f505ce0dc81e7a,1134.ogg
9726ad0a3c4b3e36d076b7e4b3cbe729,1135.ogg
6478e167c5c2b35aec0b73de6f0e1fce,1136.ogg
dec9a58cb634e6ef35b97d26e1a1a83f,1137.ogg
db618d73869dd2e6a16408d68987bea8,1138.ogg
6b9ad97289e9b2e27fb70094da626030,1139.ogg
f2d013ea98abcef14a39a18739924327,1140.ogg
ce5fd16b21b49661609de1a8d835ac72,1141.ogg
f728a24d5c347a56270e809ce4514141,1142.ogg
2de243fc97dc099a46d4431692a1d6a1,1143.ogg
5946eccbc0a1bb0fee10142a6f0c4dda,1144.ogg
9b28054d1c8c026dcac9c474dba6e046,1145.ogg
741064fb2146eb4d7056a8047fbcd290,1146.ogg
006894ae54f555a3274633aaeb098e3c,1147.ogg
15eeb704a8591be3b8e7775e3b247835,1148.ogg
1fc2b3f27e7dcf7d79d967efb152d098,1149.ogg
7304f4099c8b6b45b3fd44bafcaa3b77,1150.ogg
ae07e777166b6e4e7edd9c1cfc64049c,1151.ogg
8eba679e2fab71dc07e06e4b193b193b,1152.ogg
bc6e034146836a4787a3273be7dcf98d,1153.ogg
f47c9520600d8c84308064138759c8dc,1154.ogg
63e99155210edf89ede3c89b17be26cd,1155.ogg
5e9a382531d569d908026dbc20a50c9c,1156.ogg
b48f26c21e70f760045169096e68369a,1157.ogg
63589b7731877f9c8dfeca31a890fa51,1158.ogg
fb78740197f96c4289919c9940afe8f2,1159.ogg
bdd025dcaf52d8ce9c4e09fc02ddcabc,1160.ogg
fddd79f347ca2091cf0977c731d58045,1161.ogg
2d7400245cc284f22e02d7e2318c8c28,1162.ogg
3ec9f1bf501bf007fe55cd560e8a000e,1163.ogg
09bdd6f095bdf0168b65e456687a9fa3,1164.ogg
49a879f69bab1b910fa38618b052ed26,1165.ogg
b291f53ccc9bf3f5b1daf84ab1d50bff,1166.ogg
5b71aa5513b1f8181e12f69d4912cca9,1167.ogg
4934946e9045834459cfd601431b47d8,1168.ogg
530c9fbcdac08337c11338d2a602281e,1169.ogg
4159ab42b7001f13bf4cac16978d6d2d,1170.ogg
685a1d828fdf9a6629b09c8c23f18235,1171.ogg
fdabc091a4b948836cd9a229dbf24efb,1172.ogg
ba3f1ca7c092fb32047369fc846ee320,1173.ogg
934a51099363e903754057213689aaee,1174.ogg
6f72d6a57ce694e51efd8b608ca122df,1175.ogg
edcfd6700781fc7bf24322511cc1c597,1176.ogg
9fb748de31a2b517702fbd55451a1677,1177.ogg
35655814bd2217dea2ad9f8c37fcea8f,1178.ogg
ac278148f884be04df340e763baa90bb,1179.ogg
9f73deb3e273f50dae85b026dc2f74e0,1180.ogg
bbcd3bb3ed3cfefcf326f9c57a89cf36,1181.ogg
0758da16006a3cf14180aff6fdd1c89a,1182.ogg
366bc83b4826041367cb796d0bc42e3c,1183.ogg
9f76cd616481c97ece9a87887ee108b2,1184.ogg
e7899dcb2c0aebde75f33618826e3976,1185.ogg
b9004a698b951da0143292dc3872ea7a,1186.ogg
0a429635b6e126f251f51a82095d128c,1187.ogg
be79461e3154f269d1f8ad2281c57b60,1188.ogg
a95207c8d8d2ec5b52d51788192ca481,1189.ogg
f7cda3a6cf40fd7dbc41db5a683a2491,1190.ogg
ad47aeb3ea1bec2c021430071bb5e9ff,1191.ogg
2e73b415fea5a7cd25802bdf3aa411b6,1192.ogg
35fe1181dffd716dd8d1719785cf48a1,1193.ogg
081f46b910e7f8fc0799a3d2760dd871,1194.ogg
72cfa28ab85fdfef45c8caa7659031c2,1195.ogg
fb56085d4aa3de870aa01a5a7cb0260a,1196.ogg
5bc85018642da2fca3c9907de131ed45,1197.ogg
cf79930484c13142def92374fc248ff4,1198.ogg
cc040573ce812e00fdc33ba4ad9809b1,1199.ogg
87e69f71df69347181f3236e531408f9,1200.ogg
c704b71544ea757d43b4965716293b09,1201.ogg
1768609d228b2990299f8413536e7e24,1202.ogg
2d151155ccf294bb0686d178bb8e1a8c,1203.ogg
b926595d8f56b874c60afe6ebcc9302b,1204.ogg
29815f1c2ef84eb371d6be37702251ae,1205.ogg
c0a41b652f64c66da82261a737de13fb,1206.ogg
972be908c597d214f9dbe7332f45d5cf,1207.ogg
594c18610699aba926368db52f09b074,1208.ogg
2111b46d0667be7c79f7b0e1ee7d49c8,1209.ogg
fb252b0068745bd7f75d226c710c35b0,1210.ogg
1bd8c4a618a70d342d11698c0477d160,1211.ogg
cbe5a3d66c3a26c8984cebd543e31206,1212.ogg
6d8e331ed6c9e7978f319f2cd0d13f2a,1213.ogg
8ccdfb00e62367372a492a8799e82f57,1214.ogg
42bb479b8ff1a4ca50ec80cebbfc9602,1215.ogg
998246b5aa81d970f22f4da3540759ef,1216.ogg
c7f460154a43b6f8a2a37f3d1921d03c,1217.ogg
efd21f31c8aeb288f00cdac3104e9a3e,1218.ogg
d1a84d41e769252474c574de22847c04,1219.ogg
4f68fb03d18074ce69b40649dee26261,1220.ogg
37523bcdc29b0e63337f9d1fd0b093c3,1221.ogg
b65d3730d12e62649997db0018ac0891,1222.ogg
f37db6e71315b5bbfec1439f69777a0a,1223.ogg
17db3a51eda44d5fbe8a9bf3d11b57ab,1224.ogg
be48825a9d8db30474ec16c4aea03f3b,1225.ogg
a2844e8ad90630d4967585fe14a2f22b,1226.ogg
66a37a2bdef204ff2948c1e4f3c99dac,1227.ogg
2a6bc6af13334daf969bf09b9bfa41ef,1228.ogg
43c12f190dc774a853a2c1c32a3166cc,1229.ogg
97af628b75f5b74d1898978dc6b6575f,1230.ogg
4c993d275106a9eac702a65ad2ad7911,1231.ogg
db52857730a16c6b61bb86f5b66ea880,1232.ogg
bb8baf52ac7d71a4da660cbf24b78584,1233.ogg
c812e7755d6d01fcd3e70b0ffca4c887,1234.ogg
5bf9e01eb031eba5781497260de12425,1235.ogg
f6f540f009583475aa1f3e006d7f32f8,1236.ogg
8e068e5a5991aa667127888caca85af8,1237.ogg
4513280ea00ada7220f1dd385a5f5c2a,1238.ogg
d10c73266749818fb25868137e33ed32,1239.ogg
458195ca2fe0991a0395f752b30e4bdd,1240.ogg
b6350757c7db319ac5a44867e7165605,1241.ogg
e162227710ced11ebec2b7377210d76a,1242.ogg
456529483967fec2e2f8af111fdfabcd,1243.ogg
96f5c8ee9615e37ce1f189e12846aab5,1244.ogg
08fc8f9796f361d54e262f9a81c84925,1245.ogg
74d2862528f53c19293cc3dfa703a022,1246.ogg
60d560b627319417add97d98c7a5658c,1247.ogg
f54e20bfdb50d08176fb638fce6a3bbc,1248.ogg
cb408f7657acec6e7471d9fb81260374,1249.ogg
46c885b26d8715f032bfc603b419be7c,1250.ogg
697fce9c6f3ee8b2d4159c5619689e3f,1251.ogg
37fad69a1373cbcf9aa06c222c6f1d97,1252.ogg
b0b790270013a2a7344b8d0e484dbd53,1253.ogg
1c88013b5d815115fa6cb0903c50a4d7,1254.ogg
179b4c9e38cd918e029efe9974774b93,1255.ogg
491838801bdbfa17e647d0d26a07374c,1256.ogg
489b4a9e0135bdbfa99de14717ab42b8,1257.ogg
93d026478070bf3066fe5470d374b47d,1258.ogg
525e0e86446c4e59ac6033bc90d499f6,1259.ogg
2b111c8c0dde39e47e2fef5ad5338b9e,1260.ogg
b0a3b3c302bcc560543fdfb55c678a52,1261.ogg
3919cdfc2d59c59c071472acecacc419,1262.ogg
8bbb51849e55b76f5afd74c19b3ed41f,1263.ogg
6dc4410b35f404a9d6d07ae9a938a5fa,1264.ogg
4dad41dcdbbc347df64faee8a372329f,1265.ogg
a4859bf7d3b37342ffe98a0a707647bc,1266.ogg
e1bf0d1e68cb730c3b911df8bce5ebb7,1267.ogg
1ef07dd435f88e0c2ba6551aaff226c8,1268.ogg
6c4485de78e6ec2a84e564e90b588685,1269.ogg
40f7e489c0faaefff6647f44d635c214,1270.ogg
b43a72b95aa2f4d9b2b312495e291a58,1271.ogg
bcb82f3ee1cea86dd44eea53800e5d00,1272.ogg
8adadacbc94eb980337dbe9ef9a68f20,1273.ogg
2b0443d17e934626673e67e79a9863de,1274.ogg
ef532663e4ebe24db219d0b2a71d8e64,1275.ogg
c9d7bb6e2e449ea4aff434558337f31b,1276.ogg
90b384c1fa8b5812b44b4ee1928673cf,1277.ogg
e7aa87f7f49e49ac449fbf1d3cf45be8,1278.ogg
ae139b92a8b47de4f05f7d858437d5f8,1279.ogg
a0c01a3c2116581861fe4485e95ac92f,1280.ogg
f4c80808d2dfb9aff5557781f1ea1688,1281.ogg
89258ac01a2a72b1b30fba626f392bad,1282.ogg
6848be0c48eca1e09fe11e6d7a6e0a12,1283.ogg
b4272f5dbfedd49e43039807bea07883,1284.ogg
16c8ef65cb196ccaf65231e95627f5f8,1285.ogg
669bef0475e4ff66a65b1b535a5c89a9,1286.ogg
640595edac29cbf7a422d0a8213c9633,1287.ogg
2ce5e247a33940bbde3edcbe64a49a51,1288.ogg
71e8bc77eed44a7edf165e6f97c265ce,1289.ogg
f5408906d2a549981d634a96aff12e0a,1290.ogg
16753e971f236ac04b73706c5b3636cf,1291.ogg
443eb222e0346908a8db4077214a7f3f,1292.ogg
cb25d00eb676679dc9363bf1aa15eaee,1293.ogg
241f529531660612a5a5cdbe5bcb2549,1294.ogg
737af2eca05be48298e5013940625a0a,1295.ogg
9c05f7258718395ba9024fced3238747,1296.ogg
24e21ac25707b5d8196650b05db7cf0f,1297.ogg
02207774d248be4e9a81870aeef59eb7,1298.ogg
7027694bc00912a95b73f4a76e1696cf,1299.ogg
18b9dc05654dc07b97c61b12c3cfba5c,1300.ogg
eded0af2af4f0cb5500ed19ea5c88c7b,1301.ogg
f6cb474990b1d0b67c3adb77e036cd8c,1302.ogg
830579573e5bad8cec9ab1fcab97df5d,1303.ogg
c36d8bbd71d567ab63e64670d3c5d979,1304.ogg
dab779c4f9c8a3d95813c9b83577649a,1305.ogg
b8f12059b018a72aac772baa595c53f6,1306.ogg
d33c7abe5b58c1b33bf976811f022878,1307.ogg
9b2cc45c00969fadf1b7f26442a9b21d,1308.ogg
0e3370bf28b22eb5ee005da08416ae54,1309.ogg
da2cc99f57de12624cec0a227656217a,1310.ogg
98a1660f0e74f16c3a0b111c35e15fd3,1311.ogg
7f1cf0604e3403454e61d745a8e690eb,1312.ogg
7a5add19da607790206337a17b72ed2f,1313.ogg
1a72464e752e270c44fdee27c2cf472b,1314.ogg
3a62c2d80071533047e43e72540d7cec,1315.ogg
8b8cb59091d42380247d799aa9d481c5,1316.ogg
c982d925016d70797538300d2b525099,1317.ogg
cce27d749a6b6559ae1147d251b43d6a,1318.ogg
42ba55c24bfec2521dfc91d874421384,1319.ogg
326ac1d3aae6688543a5a99c4dfcd887,1320.ogg
3a111b1a5686c60557be091695a1f2b2,1321.ogg
bf084ea16ffb58e5f1d3c33e95551b5e,1322.ogg
65d4c12f0d5696b6eb6cda0ff88b597a,1323.ogg
00075b321994fd8a65352e44e37ac8aa,1324.ogg
a8bdfe8538f055d51d5c3bb8a610856d,1325.ogg
422ddddf7f3e9c845e976b0affb2b17f,1326.ogg
54c423f4217d6bad21248630d054fb82,1327.ogg
a17b2768c8b310b1a83c57ff2a2f7a48,1328.ogg
202a823d381ef9bebef81bbb908bb723,1329.ogg
66307e29b6e9709fee7aea1b3c22decb,1330.ogg
583ab4761b286150a6a2304a0383a153,1331.ogg
7691b7d33bda41037ccb1048193c9e52,1332.ogg
a85d9cb5358da440285883209e0bc4e0,1333.ogg
2a630b0c8ed8683f5f4cb76213fd8521,1334.ogg
058678fc54e222eca73357bd78acd26f,1335.ogg
20a963809156623bf8229c161d176f2f,1336.ogg
cab4020eceb4f19368fc59d3fdce6c13,1337.ogg
8ea1af2d8b7b2ce3767ecf871a9fac26,1338.ogg
5c3e661fa8ddb753987cb07b682d45bb,1339.ogg
8a306ecdc61d1ef7fcab6d61eecc5d66,1340.ogg
a8684502ba9bc9f4d70668418fb81946,1341.ogg
7502832c49d23dea1eda304e6e517896,1342.ogg
716223dc5e94acdc52cdb394f6b4a270,1343.ogg
ddc586a703d8c7aa43d8952bc710f053,1344.ogg
a49cbd684918a5d15acb04881beec3fd,1345.ogg
3b80b206a04712e1156931d155e6e12a,1346.ogg
a5b7792a8442df18430fff1a03a7aaed,1347.ogg
a8bc485b773957f3049dea8d0a9e2c09,1348.ogg
f10ca28f1a52407a30b451776e8d0917,1349.ogg
7e1b782ce034eab629e7f22593a0f564,1350.ogg
daa65f1993c52b3b9dce714fcceb90e5,1351.ogg
e67f29e1a39ecc20b7bc6e7b231933af,1352.ogg
00bd400b0c5223f4d89cce9d1a54811c,1353.ogg
4f3b0b8bdc40b1701ce2651dcb1acd7c,1354.ogg
ed87b4cf1e484795e29afdb375299e68,1355.ogg
df8f928db6a905d20737af8830696899,1356.ogg
cf92c1134d9fd7cf7117de7231639272,1357.ogg
29f236f8f0659fa2f68fd780d21a69bd,1358.ogg
b15355f1862de06001a973affa0b8c49,1359.ogg
2aa630162c797754d1dd1ece5b35b91f,1360.ogg
9a3a65722321d0e8168f3707e6ed5bd9,1361.ogg
f1b01291e08a05effc0a25cca2bd9ee2,1362.ogg
e06f5f441f47963fc6232f0ad44ff000,1363.ogg
44396b1801be8ebd758bc9a1a07997f8,1364.ogg
045cabbd66e2d9a286917acc46f6fc7e,1365.ogg
69b7c08df7341d89378fda1504d9e749,1366.ogg
8ebcad710e54f4e9e97ca66514bbe7e5,1367.ogg
473b139610c62a4dd282be545578818f,1368.ogg
c46f53d2e2762126c9f204bd5d50a950,1369.ogg
6526590052250a3eb4b2922d48bc64b3,1370.ogg
35f35b36c4ff8c65c49a75abfeb5e6fd,1371.ogg
6e9dfc04245ad81ed0cc0d42657c537d,1372.ogg
309fe90b326b54960175d4dac9ab638a,1373.ogg
affc188a20a4e3860bdfd0e34b142cb8,1374.ogg
c6b7029b0edf5fbb022e79d99e571404,1375.ogg
f950b8aebdf5705ad682c2211f8f721b,1376.ogg
41f167caed03b1006c3c5697e600ccd5,1377.ogg
94c460b415211a6e1bb8cb8778733278,1378.ogg
91fac5e24138354e6db34c2e9aed3cea,1379.ogg
d1338c2b89e934e5bf43f31b2e327738,1380.ogg
4eb563cfb711d1a278c17199e0788875,1381.ogg
e6dc15f3df992e977d0a07a5530af845,1382.ogg
f68acf6be0b0d6bdf1bddba230cf0bf0,1383.ogg
518a43a89a948922134c2dc2b71cc0f4,1384.ogg
360c4e9117760e5b2a0d84e4d7c54b63,1385.ogg
a146c0457220049098ac0a6b7e241b05,1386.ogg
17015f2333b2dcab2bab01ca0b25c0c9,1387.ogg
4db751edf3e4d8cf81869bb6ae12d2f2,1388.ogg
ef32dba257d5878f76f41bb282f9c0cb,1389.ogg
a8770ae1c7c10432fffb24fdfab8d68a,1390.ogg
7a5205177fabef601f2ee90b8bf540c2,1391.ogg
4cba066a7ffc5eb9349bef1093636480,1392.ogg
474e48b071b88683c4b19985de70fde0,1393.ogg
4cd5a34dd45cc8c6a0a27980d9e76d11,1394.ogg
d1e179d04564268ddd8a26e7a496b639,1395.ogg
8b1b6a1cd0e964be3edd67646ed18dfc,1396.ogg
7dab410adb3ca19babe0ccc396724c4a,1397.ogg
c8536758146e35c345255ef19ba221ea,1398.ogg
95049be7cfd2ea63a426e5457f3bf3e1,1399.ogg
71a1cf3e5d3940c504e1ed2ad42ed227,1400.ogg
2b6fdad05cfc0f7f77bd2d3d9026586f,1401.ogg
4d448106cdd2c6ea72bd124677f18acd,1402.ogg
a06d531349350339ecc776b1404f87b2,1403.ogg
12a13848ac91e0f6a18c50db17ebc2c0,1404.ogg
fb234eb39a6cfd7615204078c0004573,1405.ogg
4b70981c7de25da8ffdca3aa0d3c1c35,1406.ogg
a24d975b2a8ee9d99970854e4e4055ed,1407.ogg
cb2a0970073df5be74804d13c3ca5c35,1408.ogg
97f9d464607875292c6d2418640d7bc9,1409.ogg
11bf8d2dab10a2ac0f2b7440ae18d723,1410.ogg
c0ee27108bb77c3fdddaf894d03bfec3,1411.ogg
769d6b44ee572ce3f3ed91b1ce116ee2,1412.ogg
e664d7d395a81b427864f272783a93ff,1413.ogg
e17aa8197e4e5b59f7bf2325645b7020,1414.ogg
15de6bd43e81bcdb4cb245c4047b8a7c,1415.ogg
101a82bef1d14484cfa763f85f4ff0d8,1416.ogg
206f7ac0b56eecb0f490f6ad495e428e,1417.ogg
b6696824aa35c66a7b204549f3cf98c0,1418.ogg
593292498b8e38a8c9d56599bdf3c486,1419.ogg
b3146825bb98e94f4774433ca2a01a67,1420.ogg
a3b8e7de694c73633e12c5b07da7ea09,1421.ogg
45e4bb0aba6d145c4f5614a00dbcd223,1422.ogg
51052c131ced8b8d6cac09bf03b6d51c,1423.ogg
9a5bdfa977efda276be854cd31f54d75,1424.ogg
cb82e8677959338e3325bb8ec69972ce,1425.ogg
29eba4b4b5dc391798a44e331215f1de,1426.ogg
8f36dc94f7464b0b1b021359e04816ac,1427.ogg
29d522d5015ce39888bdf326edf8085e,1428.ogg
4036cd597e5c1790e33790ca87bd3b70,1429.ogg
39deb850c83fca0add6065f770a5226f,1430.ogg
0d89c8645455c780136a43e36d279216,1431.ogg
13335a4710a61f84bd93346a073ff9c2,1432.ogg
4496271c4ce9145e12959d04cae416d0,1433.ogg
6868449d45eb2fb655bf55986c59408c,1434.ogg
f6d1a367486be014da1272d3bef2d5d1,1435.ogg
dd5501ba80fbec073c37dc978eedcffc,1436.ogg
426f1d4ac89a081d1c88b2c3607abd83,1437.ogg
f0d26c694c433e927f4bbb8d8a4060ef,1438.ogg
8f463aba883e5ed6fc5b1f837cac594c,1439.ogg
2414e8f240c3ffd164061faff0bab44c,1440.ogg
4b3db15c068c2f208662034087a538f9,1441.ogg
39db8603136c708e4c957e1c138c26ff,1442.ogg
ed5931ef23a371eb2cae9ce0739b1706,1443.ogg
1c125e365dfeeac375f80be126605116,1444.ogg
6e75285f6f7caba1ffa2b00d38e5a5bc,1445.ogg
f4e7cafe86941b702eb230f9fafb9473,1446.ogg
c884e0405eb6a990397779992393d2a8,1447.ogg
6f8c6c35116d2eeb3cff0042db612c80,1448.ogg
ecd2710aea33065ed0dbe2e4d6193a41,1449.ogg
25ab2683dbff3c6be414da78007f55bc,1450.ogg
0b1ec8b1d659caac7c3ae0d0bc81f760,1451.ogg
eb43963f3b3d25bd83646ad93e94d24f,1452.ogg
e1b83279d19c9cfd609554f00419bc20,1453.ogg
f666317a0723f48695478f37cc945a1d,1454.ogg
dc119e30ddb482db14c949c9247a3a9e,1455.ogg
78efc54f5e74a97a240c26ce95914caf,1456.ogg
69efdad22a1dbc09d5b80d02ad938b50,1457.ogg
01c183f1c3b5cf4218efca8fd9612c5e,1458.ogg
ec49d80c6fb4141dd45dbe58889be241,1459.ogg
897979d7e2c428b2a8dd65e99e70a4fe,1460.ogg
3b08f4fc63d28b50dd8d2f5a03041467,1461.ogg
ebfe3af330304b1c88fb6089749a6cfa,1462.ogg
4b7eb88cd8c06716e1dfb366a4fe7d42,1463.ogg
f03e635c7a06f38b718c7fd67bb925fb,1464.ogg
18289a0d53ff5b7e3fafc9d9d4f9543f,1465.ogg
bd64ac3d577905dfab9fdd63ff3f3c89,1466.ogg
fb57ae9fb6aa98ff14ab40db25229737,1467.ogg
ed13d7b7d364bb1583e79bb197d91ffa,1468.ogg
0fb27d978538ac39efea4d6d96efe8a5,1469.ogg
6ea8eefe5912155d42440ed4327104de,1470.ogg
fc653a76a188bd4142a3871a6132c1ec,1471.ogg
f4bb488be4efc299e8bd41014b5556ad,1472.ogg
6b057c5c9b561f1e409ab3bac9046b28,1473.ogg
c7c14931de8f1a7a93d81384c1f58783,1474.ogg
f786067451e7a8caf1fbca04f6713e59,1475.ogg
f849c528ee2c8560d2a2d06312732b76,1476.ogg
5670a138b40b9aed37dce1211cfc2b61,1477.ogg
bb28f2e536da73560667dedebd8a1bbd,1478.ogg
4da5250526700332d78f8d6e6c11e8fc,1479.ogg
70fa674c62974c8f7b81c3a33a87e4ff,1480.ogg
cd9a80bee9f4e45ca8a0fd7895d345e4,1481.ogg
3e4e0337fec02afb69f6b96bc71be5fd,1482.ogg
9c25000e0358dbf76f559b133272d295,1483.ogg
74186df5b715673ba6871bfda97cc191,1484.ogg
8d54b5af9d882e66d5d2269503feab15,1485.ogg
9fb708560ff4911fc50e15fea8e1f9e3,1486.ogg
466c2ffa145b58dcae161cfce16bef57,1487.ogg
e5ba6ddd2ce720d6403aae7c0890718f,1488.ogg
4425366373f68581cad25b810dc793b5,1489.ogg
b489866da58c816333a1f23366ecb173,1490.ogg
69057246ee8f3c8b0f48e12bf27a20c8,1491.ogg
abfd120fe6141a8182f3857c60c4cdac,1492.ogg
990ecfce16950a9485e4cef7d36bc8ef,1493.ogg
719320602ee2903509454e82e24693d2,1494.ogg
b8b3459663df83dd6b78eb4d47c0b358,1495.ogg
bbe0dbcd4a863daba97d01f99be72c68,1496.ogg
aaf9bf9903230f91264a8352e2ef5155,1497.ogg
86383e88d8403ccbb14800b7aa22b485,1498.ogg
c50c6e1a24c0948c8ff5ae1aca5b0570,1499.ogg
e9145a3ec570c86507c0be99d577c58c,1500.ogg
9fe3cea44e4f48fa1136880ea54f9cab,1501.ogg
1cdcb7d103ea71abfe186ace9c579236,1502.ogg
753d2963682e2ad566436ff1b0479c7b,1503.ogg
93c1dca5824a566316b6e3e9a7a30e42,1504.ogg
efcbc808ee0cf7fb7223b9f85c65c876,1505.ogg
c036fa8153904d855cbda049e8ad40cc,1506.ogg
7fb97aa75ca5fe4a5a4dee71a471e294,1507.ogg
f4b3f26a394702c23c542fd73c5db71d,1508.ogg
f5860f917037c670c8700bfaafe71666,1509.ogg
802ace9e8cac59b7b2b230e774a6fabb,1510.ogg
6baa1229945ae445196345d9f606daf3,1511.ogg
9c0737b551410f4c551d98ac98c0a5c8,1512.ogg
f1b1ef82e3cac5107d9ec38968bf562f,1513.ogg
6c1819b2c80c160fc994da78a95f4bb8,1514.ogg
336578ad2bbf9b51e58aed32acdda2e0,1515.ogg
418fec62b83fac2d84738e1196ab5240,1516.ogg
fec992110a7bf03dea6775d370d2149b,1517.ogg
b695f2a9fef3525c27bd8b0431f74273,1518.ogg
1754b22b5c67258d668899cca74015ed,1519.ogg
a5e58c589b0f8ff9e7a755d5f06e914f,1520.ogg
ded1bf313513ce3b21fc66e57de8fb0a,1521.ogg
89908e5025b9efe8fcfef4b6a79c3ca5,1522.ogg
9d628e2d50df13adaf182b1955c6944c,1523.ogg
c07ae0652c029589721a455b520573bc,1524.ogg
618735e548cdd0877d07f2bd3d57064a,1525.ogg
a19343341369202016d5152e8b16eabe,1526.ogg
25a8f3f1d3656b8f4476b6b3bc55cc32,1527.ogg
07b8063543347cdd671cef84026a9a79,1528.ogg
86846bac5ce2afe442473a5ba98c927a,1529.ogg
2adadcaf328e695ceab81a590787f198,1530.ogg
901689c8b3c5c0db16c2aaab7bd1f4f5,1531.ogg
929da5a4e653356b2b5b0ba29afee0a6,1532.ogg
b117f2b9ab911968ec8eb2262c7eb1dc,1533.ogg
97df9646c07f40487207a2c558ba91d9,1534.ogg
1aee1162450ddcb313a56d221eee1c0f,1535.ogg
319d8dd40b1b27a8e2a3450f016fe0a0,1536.ogg
ba8416f817783c1a230b00fa72691ea0,1537.ogg
c0e640fa31031e26236c6780fe5317c5,1538.ogg
822e7599e0f25d0c75ca92f59a6b3972,1539.ogg
891478a888f6503f8e3549b13d21b6cc,1540.ogg
eef7bd5066554fa2de175e1f5ea9ff87,1541.ogg
52e430237c175270021c20a71f858d43,1542.ogg
5a2e7ad29e5dc502cc54fbb622dd208e,1543.ogg
ab12fc7b3aca18b9e191a7df18a8fd8d,1544.ogg
1b9a7c4f02839d0eb8f08c9ea3db7d20,1545.ogg
82006a64af76bb1cf3d5aba06136518d,1546.ogg
4139bdd59ffef4a4d5e15b15f7f9de50,1547.ogg
c4478a7a4149b814278c3f576bf8bfda,1548.ogg
b8137132c078f2744d0eb5697c2106ee,1549.ogg
118b80548c129b5062632fea2e028f5a,1550.ogg
d94b217f61712edc0931cad9fac30a80,1551.ogg
d449682aafcbb670c8b9f9291b1394cc,1552.ogg
c1b2627e7dd9eaa19c589ffa565df83a,1553.ogg
82dcf1d4c865ec5ec0cba89a068009f9,1554.ogg
e38fa775ea5af5adb6a4b4b78384f431,1555.ogg
c028ea0514c401fcefd2447caf367db0,1556.ogg
364bdccd491e19cec96b0b141fbd177c,1557.ogg
71bd99cbf17f895e00875d17a21dada6,1558.ogg
6c80a2306a04aae485e42e0950bd337a,1559.ogg
dfa3540dec15a59a0943b3b84fbe96b0,1560.ogg
03dfc3ab0e18450b2562233387e3a81e,1561.ogg
0bbc024980e4f4007015b49e3df52652,1562.ogg
2f74d1b1b0c9769be390beb270eb5e43,1563.ogg
d89e0b6d4c31e67477676f02f463a753,1564.ogg
1f1293d58359b1bb9da6f39a95596d7d,1565.ogg
4d1d303bdf70a71c334c8cd96ae3ed9c,1566.ogg
53a868980d14794f0076d928dcef3f77,1567.ogg
9e02bb0570a4ec62df828905b135408f,1568.ogg
0b081c1f45130980bacce890472a7c1a,1569.ogg
fc6f7c2e8fae23c88c084e6b84abe82a,1570.ogg
b54f964e95e0a5ce515b8b17ca8c5dce,1571.ogg
55c29c6c170285b43509878b2b665670,1572.ogg
3c34b389dc3118f722cab4971faf141e,1573.ogg
80c16eab8887aac16160cd7c15e66db0,1574.ogg
09ca2894e051da8393f76d377999b650,1575.ogg
e3a589419abeaf09287be59495a7cc95,1576.ogg
add0b169bfa5affb948849f9ae53041c,1577.ogg
fe20085ebf856db59cb30536044ab101,1578.ogg
60bb30732fb0774eed2ae95146c8a983,1579.ogg
610997d403fbeb1619da20e75d6cb313,1580.ogg
3c7af05387515482db07aadde8909add,1581.ogg
c6b005cac605c09d11c70c69acbc7900,1582.ogg
5bbeb3cdbb0443cf5c215dd9576d1af2,1583.ogg
72d66be7b3a3dea126380153ada35c0c,1584.ogg
538fde24f8157ec4b4680f9d61a6374f,1585.ogg
a864e3197bfe9799b119e9ce912f547c,1586.ogg
58b1db46bc3f9c2b5940e47979063478,1587.ogg
51bd88eb6ce02132829562a178d3b792,1588.ogg
43c4210bbe31f80d993c1cf8e55109b4,1589.ogg
e31bcb5ac0a25c0acb5e0e5d69b069c2,1590.ogg
1af66386d0411733cbd58d9415aed758,1591.ogg
15beaac4180ae71f594b9c7748190231,1592.ogg
eebfaabe4346d4ecd25f58ecc088d86a,1593.ogg
d1d2b8bd0fe24734f3f45939ead34721,1594.ogg
5a0ad5e48ad15806a912f0ecc50e9d73,1595.ogg
e4e87c580dec30139f2d6ea831e3e593,1596.ogg
d36a3ffdd557671628f3adcdf6dcc9bc,1597.ogg
de53c8871a139742b224cffd205273a0,1598.ogg
fcf48e986bcb60a2c610acb31c9e4e71,1599.ogg
be3f92aa4f51f29352612f0c9d492f73,1600.ogg
052c723943051a4b48c27bd6f2106b3c,1601.ogg
6ec26f9db4b29c2b35aa5e093158e369,1602.ogg
375616f895dea24f7d7cdbde52418231,1603.ogg
009fad0569bf9a10bec952e7e8a73ef5,1604.ogg
99ca8bec48fe43cb46e9f518e6f8a12d,1605.ogg
0cf966e5c66f5dbcc376546c1a9a2bfd,1606.ogg
b854632b2cecf75a5df0ad4b62638c68,1607.ogg
37e496041e9288ef1b9571a2ac25e680,1608.ogg
84d9737a89475bd40464f326b288736c,1609.ogg
0cb1d74ecfeac77566073b6a881716c2,1610.ogg
46d5ee420b29ae4de7cd4e4054b5b3ee,1611.ogg
993823dff3633375452fb6ab4da8becc,1612.ogg
8cd6b77b172f071075d0513dd2d0e12a,1613.ogg
b025408db40ba69657e8d96ac409ef3d,1614.ogg
87acca510a7a11fbf013ce78f595ff3d,1615.ogg
ca40038584df36eef283ce905b25230e,1616.ogg
f83d47bf61a894f688f38f20e2107038,1617.ogg
650c3ddb9e70f4bdf659eb19ff4aae6d,1618.ogg
adbbcd42660d7488fe3be332260f083e,1619.ogg
d7f67ed4d7a47006e4b30f98d59ab023,1620.ogg
9d2cdf87f7cea5f914c61e7750831694,1621.ogg
bda1ea7c2e088b2dd4e215d45b12469e,1622.ogg
c94814d0e3d89eab3cf8c7415a958d84,1623.ogg
ab7f6e9d705f6ec5819d260cdd0e666f,1624.ogg
1e6f65cc031a1339ae7a62a596dd597d,1625.ogg
48bd41832f2fb7551cd1a16065cc8866,1626.ogg
f79af74c35603fef8eaf433361631533,1627.ogg
a798730ed9308d70205a4543aebb8967,1628.ogg
bed1cce7bbecd0802ea8ca78f50acc3a,1629.ogg
900c4c8599ba510b73a10734f52580f9,1630.ogg
ed3ae7a62615f9977e16bfc4f1670ced,1631.ogg
a6c8920b35492da9370e785df5c1858c,1632.ogg
4ac4b313d7b76878ff6f824f32949423,1633.ogg
5c35af21bef385d460e83ce32183ae65,1634.ogg
b9319b01ec7ed124769e13fd069f7a48,1635.ogg
524e1546755cb6c0aab990b373d7e604,1636.ogg
a4db89c6589b4d9261ede58be4490b3d,1637.ogg
e4f4e2ff754a2a3be4314e3bf8b00bcb,1638.ogg
0af657e74f28c06d47a36515a67a63fc,1639.ogg
b97a81ee2a7061487a2a4402a0d58bb2,1640.ogg
fb39a7ea603d204a58de99392b21a6c1,1641.ogg
2eef121c25bf2f69fde2fc960e61f264,1642.ogg
712536259bdc8711bdcc731b556e3676,1643.ogg
fe2e12ed928fb3dc1f4a3abaeec05188,1644.ogg
4c59d06430b9893d88e832e7bf45aa1c,1645.ogg
e94a208d10559df71272ccf430c12195,1646.ogg
289c017dcb3340554a6119e98dc25280,1647.ogg
5e191df58cb2ef412de505efa7e8ab6a,1648.ogg
5328c9d510ee23a9bdd5b8744e9b4264,1649.ogg
78567995ae80061bd8083bbbd51baffd,1650.ogg
d894b6c7f05a35fbf2a8e8fed6ce67e0,1651.ogg
634a2a7732a93628ce666dcd8920828e,1652.ogg
10e567d09a0ed2672b8a3b1369fe7a00,1653.ogg
cba7ca18cb0d799a041dfa8dfb4418f0,1654.ogg
f49826396b2153289bbf83e4fe246330,1655.ogg
2149e4bd43d4a3ab0662d2f4b60cfb81,1656.ogg
075253c9e05d6f7cac367653d6677791,1657.ogg
135beb4991b846016013f2c59dd2a014,1658.ogg
dc6f4bd45cde99e4fb82fc81fc0c1a15,1659.ogg
6fedb80d257f422bc2bdaac838879d80,1660.ogg
a39c2c103e59c25bf65b2b38e39a5b5d,1661.ogg
90b69f2d8b04f24149ca2e964f0853b6,1662.ogg
779fb6bc835418c147aec5059b913677,1663.ogg
ccbaffc220e5f72e49eb56f2b18847b9,1664.ogg
48e4e55e109aba3d22b63feee8fbf3b1,1665.ogg
cb02d4f012e139096fbf558828193a8a,1666.ogg
c3eeb2b76dea352a51c1f051a32313dc,1667.ogg
343f6d8474d4e9db9e6493ef4d062491,1668.ogg
7482c17f84c90a4fcdfff8ff9547c65e,1669.ogg
61231f37d65bf12a0595146ecf30478b,1670.ogg
7d60af07105bb2e2bc46342566c6e05e,1671.ogg
193687c71dcce28823167aac5b8f2717,1672.ogg
73a56b6909e7e90063b8f28fb35a83a0,1673.ogg
44735585f06e2027768c1d91c95c0280,1674.ogg
2260ce964d28d9bc646fbf1389f04d77,1675.ogg
6b03cbfb920d525b0490d6e27d128986,1676.ogg
ec9c74c6bc41de35cd77c4891d009404,1677.ogg
3af7d6f6923afb192d2ee72ce2258fc9,1678.ogg
aa24f65428d0bac64a01a0833b764a9c,1679.ogg
c15828c0faab80857ab5032f88a4bb74,1680.ogg
29625291b2a5d6484486f664db4f5377,1681.ogg
6036ba3fa9ccc7735ba40b91b415da48,1682.ogg
83b0213adbd8997441ba04a203b896f3,1683.ogg
629d1dc5e582235b0034a9d997d91f9b,1684.ogg
1c95bf71088ba58837b651278e62d1e0,1685.ogg
2fff2f1e73bab2a0c4e93bea8c253c1e,1686.ogg
94f6a7f4d75344e2e0a1d85eafabd306,1687.ogg
cd8efd72af151593fbc79625b680bc40,1688.ogg
66112344c38a46a1decf6723eeaabe36,1689.ogg
a20539dfe0f36a8749c5dcf935234a95,1690.ogg
f7005429fdaa2dc4f9aa0e14c5ba1f80,1691.ogg
6dada7abac84ad72819e7796a91c27c1,1692.ogg
eb0458abd1f90311f6250777b6a49412,1693.ogg
6130931ca5cc88cae6f3b8288991f38a,1694.ogg
d8b17afddfbfea2c26440b22e9b432f3,1695.ogg
44aba1b1a34c65915df4bd4a466a143c,1696.ogg
038812a622869530bb04cfa58c54838d,1697.ogg
27841991a064f0eb9f26ef6448cb4801,1698.ogg
acfebda1363bb1abbeef61c845815013,1699.ogg
c87d00c203d0316769e7ca915cbd541f,1700.ogg
9dca7d7b7b796cb464b60ab67e1aef58,1701.ogg
0dea457759ff9b3dc099c6479de191fd,1702.ogg
b687a919153214db51a0f0b52788d0e6,1703.ogg
90f5166cf46d8590f04762435eec4821,1704.ogg
e77abe6faad347b6035f41980bcf61ac,1705.ogg
7bc377816b928a605c2212709acc33ec,1706.ogg
c54caeb64aece011e4b8cfd654b5aaee,1707.ogg
bb157a188e094610c61dedad87aa0222,1708.ogg
4b9221fdaa7faf8286e45adbf2213155,1709.ogg
1c8e6703fdb56cd77aad0e192ea4f6c3,1710.ogg
b7ffd7288541eb28c3be5428c5321ffd,1711.ogg
d922c8b842e39bd3e367458a9089c508,1712.ogg
81d4b42d8ef6981ed46cf271933fd4ab,1713.ogg
07c7a9a71e31d4bbb514a6a21739895b,1714.ogg
c435768b5e77e860a1dcfe1b6e9c232b,1715.ogg
4bb51bcaa90966153f6579142e4003e7,1716.ogg
9351e2fb9b3b6c17090a582b11cbb872,1717.ogg
eee14eb485087e74d890226e4a0e39e2,1718.ogg
a26520453a505f46ec4ad98f7020b746,1719.ogg
04a7d23ea2495c250315ce8cae6dcf5d,1720.ogg
02b2bad165a52bc05a5acb49104a8bb7,1721.ogg
7131e15f494eb7ea9727582c595c5bf6,1722.ogg
c12ff403a5ae95ac8e130a5f409d7d6b,1723.ogg
1f01961c0dc12a44f0939f5a10bc7f70,1724.ogg
7dfd8bd50c62741a25f94b5db21d7290,1725.ogg
089758b41b61a04e460d70a028684de6,1726.ogg
915bd7eedcf363f33fc1b9226e0faf9a,1727.ogg
a211c741ce0b3b846e21eb982b87cc19,1728.ogg
b249de5da41c3b6679973c4ea7f3c83a,1729.ogg
5d33c59d2d0f761dab7bd4d3f672c5d6,1730.ogg
90265b04b142b5257a0d4b3f6a82bb76,1731.ogg
d9fae849285d2845de4374e48b9b1afc,1732.ogg
84db5f21405b7a54098b40a6ee6b4d16,1733.ogg
43075eee5d740908781d37c6c773211d,1734.ogg
f79e11efd536a7794fd81416b65b53ae,1735.ogg
4282636b5c256e36de348244242d64b0,1736.ogg
1da88f83f31de9038d206a2877af6cd1,1737.ogg
f2d6fa3a1e46a06bdb8bb349ab487e57,1738.ogg
9e437f009c64b9d88195b772e1e52937,1739.ogg
3e890c733619b14ab4b0bc27613d6483,1740.ogg
a51b3d6478b5efa118b97fef509901cd,1741.ogg
570416658c22b91a2a2fea30be1f5425,1742.ogg
acaab8637ae759f5d2faca3f821b6f80,1743.ogg
5ec544e86fd30cde36eaf403c4c93a9e,1744.ogg
8ed7af00f0d995060be3a9d394fe4014,1745.ogg
ac9b267982ce82830649d237c8149e75,1746.ogg
05a5b585a91ba29c19e7d80d4a091a67,1747.ogg
593d1b27a06d0411064cbea9a7b11ca3,1748.ogg
ef1435c479f549ef1afbbd6202072e0b,1749.ogg
f210a8cac7c26054b85c50d58cbb71ee,1750.ogg
7c1f4e7e3975b2437598f8ebc2370d53,1751.ogg
ab4daca25905cda2b10aa70c096646bb,1752.ogg
997135b3e02526dbdb40e46a72db77fa,1753.ogg
384797044b3a25539a5fe006e82c925f,1754.ogg
99cf2ead5560306ecff5cb9d5ffcaa8d,1755.ogg
14bd02e4067a4bdb833e41d968328594,1756.ogg
12b43df50ce86f7119f4f879abf41b13,1757.ogg
97a624e919e84d92c6e75ce942b9b6d1,1758.ogg
1118a6a69ed13c1f2b716e828347a3ed,1759.ogg
c6fe8400f73ed07132024ecfcd4cecf5,1760.ogg
7fe81dccc421b09d0e07fce5f0016f2b,1761.ogg
19b240be9179fe13eaede6af52ce16c3,1762.ogg
295abe82890d4b2948534849ea50e15f,1763.ogg
63c1db2ef0ec979ca84f4585ac9fcf64,1764.ogg
b7ac567d410943d707bf137c6a420e0f,1765.ogg
977ff996a3a6fa464de3816a64d9b911,1766.ogg
37948df39f1ab2dbcc183856db6737ab,1767.ogg
bb28972500059b33e1a4c2f2927e9400,1768.ogg
61d9e641c05d04ced3b833603a9ecae9,1769.ogg
deacca17a2dca24f81bd7b9890b33af2,1770.ogg
8422bdb218d14d2877c4de20754639ed,1771.ogg
4d15365b718b862e9e1c419490f2df67,1772.ogg
0419b1b9d972b760d38aaae604da37a7,1773.ogg
cfc8044cfbcbb1d928026c526d90cc5a,1774.ogg
f03afeb64f7485e76c31b44a21421584,1775.ogg
adf0615dc658d0e92cad25f994d5e873,1776.ogg
74e9198333a6bcceaf5dc328c92cef68,1777.ogg
b8a8e5a7b912db46f67b43299278dcad,1778.ogg
8e6cb87bc301434800e056a88e4406d6,1779.ogg
41b202a196b3123957f007d2e00f2590,1780.ogg
f964bd7d265a2bbf171f83574a23c93d,1781.ogg
2cc39567a98d494a40ce448703764dd2,1782.ogg
919b180dabb6b1ad37cdece1c45e013c,1783.ogg
76bb91041b093a4bb91f1cd0ed86af89,1784.ogg
dd672c92c87aacfb2619b3616a926053,1785.ogg
2683cbfa73b80a9743cfae53af870dca,1786.ogg
f2ff51e8d8a0a7f219f77bdc6bf16d49,1787.ogg
c63fac9218b3f0566d8ebd5d957238cd,1788.ogg
b8d6c98f2e02737e360e8d2b135149ae,1789.ogg
ed70e2b29107381efc95610fc40a346c,1790.ogg
83d9a63a49b28f2c4fe1263533cae806,1791.ogg
6061304f4c9539287b40e8e03fc97ec9,1792.ogg
81779790f683fa992388722ee18fa0fb,1793.ogg
fb8bb2706b504d78a19cd0ad82535c00,1794.ogg
d771d55fc1028cdf6d6d4364d2a6c710,1795.ogg
e4d965a91b97a057b01c9010fa11f359,1796.ogg
0cfe3ee5e4cf4daf90bc42a668305865,1797.ogg
6e653d8bd9b2aa68770e5b559560e3df,1798.ogg
6359b533631fca7b3d860f255953360b,1799.ogg
8dab769e781fb1b1711be4fc19e83944,1800.ogg
798f9161d51e5c139b97e4f3af227835,1801.ogg
ada8c567a42688818d76feadb3c1ee78,1802.ogg
32109863b1c7c2d466c7026a42eb755f,1803.ogg
8b0ae783de0747a61680ea82d13e3eff,1804.ogg
f4b0b5b8fedc15c4e8ba87cbb4a095d6,1805.ogg
de3a2422574f6604e6a59bdcfe420bf9,1806.ogg
dbe504b2ecad6c6289970cb1d8250d14,1807.ogg
92c5f47746fe834a61a3d82b4bb28226,1808.ogg
87d9e73bc8e34e94f976c8eec0aa3c9f,1809.ogg
4e9e7ec1b49ebc49c7aeb65e99913fce,1810.ogg
647b81dd2a7ab9148fcc188093c79aca,1811.ogg
be4840df1260d0daa5d9dd2c8fd19328,1812.ogg
9fb73d5cc4aa30d577ce2489e065f5aa,1813.ogg
52c015523e609ef0f714411736281892,1814.ogg
345205083844fd007fdd21c0f0a79d3f,1815.ogg
98cd0cf823e532dbba1af728eb118668,1816.ogg
3b3c765c4d7a26245220e3102f8c22d8,1817.ogg
c432a1b09cffbd49da855a608387364f,1818.ogg
2625a3d24ee8bf2bb0adc7e83ede75f0,1819.ogg
cd68f11ec498fae2c152e02f1fbb4b7c,1820.ogg
7ac3dbf2b060933ec7e98115b42bad87,1821.ogg
c2f9e08d1127286ec6c9a954ecb1096e,1822.ogg
55a12a24efffe5fd6892f520a7f06dfb,1823.ogg
6e2401dff009bd3a07b6d629097fbad7,1824.ogg
fd52be499cde6349b0bc2c412ec0e12f,1825.ogg
0b0d2f7305f6b0e3c4b28b45d5f85ce5,1826.ogg
2ca28119b52c75e6c23b319612d73396,1827.ogg
a03a68131024a54a03c9e9403e6a8cce,1828.ogg
161881052d8d7b26563aa1924206a857,1829.ogg
d3ff237ba906013f9976d27d0f7709f1,1830.ogg
bc02d85cdcebb3f6c8c1132999855086,1831.ogg
3f90bd1c22515ac2de580aa8d7d9de07,1832.ogg
68324bfdcb7df972805001c6ea5124df,1833.ogg
adcf93e184028a469d88b6b4174fb17f,1834.ogg
9a540d435ef9297b3abe0eedbdcb7419,1835.ogg
6fd96c3cbfaef86e4145aed3cf531fad,1836.ogg
ee488e6680f32ced2fa199228286980e,1837.ogg
3720b00b197eecefac1fbc57d24e0da1,1838.ogg
6ac3211add3cf882bd304fa7ef95c832,1839.ogg
7a207d635af6e6c9ba6fee356e15d081,1840.ogg
3f3ae5375670fc353e3e07132763c02e,1841.ogg
c907af874b0e65a7724734532831b971,1842.ogg
9c5f6e9da831ef840d81b8490674b91a,1843.ogg
1303b03d0571d73f4a15346a62736fe7,1844.ogg
4ff1644042f85f6b63394d15b9a70c5b,1845.ogg
08b394a4768ad8ddfd3b7913e493df7b,1846.ogg
361ac6a0334c3b9d8620ea4fb68ebb8f,1847.ogg
31916e37605871af22724a9f16cf736b,1848.ogg
cdaa87388c1b4edd67574478c5b4fdce,1849.ogg
04197d9b1a00c1668930f1b16b3d0042,1850.ogg
745ca84a8633a3a23f16f67a2ab0bcda,1851.ogg
afa0e701a1ec18e3c362005ed2233136,1852.ogg
96e56a8cbf2d6fa825acba377a72ee10,1853.ogg
80bb1d00a02be28edeaf8b1d542666be,1854.ogg
59ec54b7d906d5ebaa1c4de4f5aa1a0f,1855.ogg
4fea2f95b478ae98dd9444eb834dbb51,1856.ogg
cecfb729508d86110421c134ea1e31ee,1857.ogg
21713213f46beabeda6d89ec844e0ebd,1858.ogg
fed1d979dc9e398d709ca81f2d5eaf32,1859.ogg
4fc9111dc3da305d4289490abc4b552a,1860.ogg
4a3ff9459fdc47794367a33b2fc90243,1861.ogg
9e1f9585500ad00dc54792f480def6c0,1862.ogg
f8ff816d8f41a51c26be094553d53250,1863.ogg
69d465bfdeb716cc7abffe302a022d69,1864.ogg
1fe74fa005fd569c5b461a993e1ef55c,1865.ogg
f3023ce9625961055168a9b25e718899,1866.ogg
6c3b42cb4e754a206c6516224014e32b,1867.ogg
2d3f4c89bfd0d3711c736b9f31197302,1868.ogg
be2d73156f608397596c3d083bb0bd91,1869.ogg
98672bc0e8ba9a67d9a169cb08574cf4,1870.ogg
afaa56bd4b5c4f4dfaf372961aa1e892,1871.ogg
272efaa63b7a07e534024b2f777e23ad,1872.ogg
e3419d40e767aff0d6faf6bc676930cf,1873.ogg
76178fc4be0aa662d4bb1f65cb1acf04,1874.ogg
ad307aa0ee22559ebc61acdf3889cc3a,1875.ogg
a865b69355ae43896c088a853633227b,1876.ogg
623480fd2bb5ef4e88f9a9c567fce15d,1877.ogg
e06fc4cb308f2ed88b42a44b0d8e5bb4,1878.ogg
1a35441e7d794721015dae9bcf158a67,1879.ogg
e7bed214d3d46835b1a404956f748d00,1880.ogg
b938354ffc24f876081495f0e9a29dcf,1881.ogg
ccf194036b9535250539606d6a7659d5,1882.ogg
dd33d37397a04c04b2c1ab27606035f4,1883.ogg
848edb2772402f313c1da63a9326d32e,1884.ogg
229f35b5ce36aafde6c39ce87a2365e4,1885.ogg
85840cc0b81f485efef4f5740aab3bb1,1886.ogg
53e78540121493380f5c41e75f95d288,1887.ogg
b8e7a12d5c3cd3722c58983543ec9efa,1888.ogg
e6bc58251fa1f9914e2c8dc716edc846,1889.ogg
b51fd7ac25376cfd3784d5136b7bc247,1890.ogg
6396398bea26ee4d892743f59d3455ec,1891.ogg
1713209ce19ade52648004c818e76a62,1892.ogg
7a290c9bb788c3b37135633940193f0c,1893.ogg
2bfc2d154d034a1926744a119a2d4ad2,1894.ogg
79e8ed6951745ab6cb1ecd3e292e4e29,1895.ogg
eb4b8d8b0dbc3b454eccc5b46057d7b4,1896.ogg
665a351a3dedc5a09db426ed9e1b371a,1897.ogg
63159ea211c24299122d51e1dea213fa,1898.ogg
f5d02dbef1bc552153c0c94129b5a0ff,1899.ogg
f4c200eed9b12d94105762031fbeac90,1900.ogg
b681542d76a1374360c79711afc3af4d,1901.ogg
d87a78cded244eb13abf72837667ae6c,1902.ogg
8762197187fab6e8b4f73323fb613958,1903.ogg
ea367ccf51d39c8133337409c5a920a2,1904.ogg
b0108e7940c2c426742f6458dc512d7d,1905.ogg
f71aa5851711ee09c1172f660117c3ce,1906.ogg
03c7578a81f752564bc63c8b85a0a8d1,1907.ogg
e5a68e11d40a9d2d8fe0dcc5932589d7,1908.ogg
d23ed35c836edc4cf7be018136b12d35,1909.ogg
f6602e00ba85c1c21a23fd512ffec865,1910.ogg
09f20c57d920a37b611c4bcf573e560a,1911.ogg
f52e970ec2550a30add85e5a717fee3a,1912.ogg
078b6a8c05b394480d4541702a09ead9,1913.ogg
653aac961ccabbdeb6094141c2b18c8d,1914.ogg
906278cf07e472515be5ad9d4ac52a29,1915.ogg
8bada8c33bc0d0dc5d6acf330fe146ae,1916.ogg
e4e9f6c732e831cbdd08f298197d0a1f,1917.ogg
d65e3f35dcb230a96e19cf3f6a9f05f5,1918.ogg
d0b98a7c3c7c5599bbfba22df6ace5ad,1919.ogg
bfbc8c39ba61677f5be70133215f90b8,1920.ogg
f9bf8ad11a95226c560927953cc5c496,1921.ogg
33a176ba838ddd6d398990a85053ee6e,1922.ogg
ad18340f8fbf120a96d7808422f90b8f,1923.ogg
91a1d5cf98a3ccfe3e0418b18c451f0c,1924.ogg
7cf8bd8e1a8c21d2cf89a0c29d963a78,1925.ogg
1dad425d153eee3fc0f6bb6ccbb7fe98,1926.ogg
1109b40c1d70115a2fc21af1f6e032eb,1927.ogg
36db654cbda456d5fa46634d4cfc596d,1928.ogg
f885b7b5cfb3a7193a8a234b39e623c3,1929.ogg
f9bf483c68cc49fd2359477018fb81e9,1930.ogg
4e765394f4aac8d45876e56e6d955eaa,1931.ogg
f10f2ae0567e0933c055fb24b76440c3,1932.ogg
58737ba8f74fac1f4098252d60edb8af,1933.ogg
7278d73f761261e68f45d6a18ef5967c,1934.ogg
80d93f5bc3d2ad0002fd7b24334f128f,1935.ogg
2042dfc02df0b0730f1ed1b15bdb5047,1936.ogg
330b4f202f6f4d317cd1fa70b3e68309,1937.ogg
ef78dff39c358dcf6da9e6de6b0e67fd,1938.ogg
aab9cf9b5fa831792caee862e1578e61,1939.ogg
4d858a8c7881689da026f62a0f890290,1940.ogg
6fb7a675bf16a872fa494472c151e17b,1941.ogg
c4b5027eb708cc0977f9682c6afdcc53,1942.ogg
afc1dc16fde7aa1f8c9e155e067360b3,1943.ogg
4e2f34bfe548add77a53b406b0b84e5f,1944.ogg
7590148b78937556b514538d6d21fb18,1945.ogg
feadefa4c3172a4aa3f5d05e41942311,1946.ogg
1ef40e1eebb5610a67b6863a6ea88388,1947.ogg
3c81f54e780963f1b878cc947544968b,1948.ogg
3ec9b785042a8ff365ecc61708293e94,1949.ogg
feb27e8cdc615abfc47ef1153e2f9c73,1950.ogg
d04d8da624ee330b34e01790401912fb,1951.ogg
c78af8442f56ba8477c31c5f13003c04,1952.ogg
3825198215b66e74778ffaf7cf367417,1953.ogg
e5bb0fcf3d9895fdd987dff220419ec7,1954.ogg
e17f2de7f4b127f932f8e76f74c0422e,1955.ogg
bd0eb5377e3332cf991ed47dee6c968f,1956.ogg
d5aea46fec510ff55199e77e80a53f39,1957.ogg
ea12ac491a3d6f5102c6cbc7f5b9251a,1958.ogg
90af148a012dcf1eb4e0f20eb97bda81,1959.ogg
bba13e771eea098a0d53ac391c221bc6,1960.ogg
ec426b76020f1935e1a54e8c472b8ecf,1961.ogg
b9d4c0464bae3d562adb45d5bf015951,1962.ogg
a0eb3026f839bc141b7f3f19192316cd,1963.ogg
3c294c5d1697448c58258322d901a680,1964.ogg
dbc56df52dbf1494deff6dbf7fdca9d3,1965.ogg
688c6ff6ae765a479726bca6480f849c,1966.ogg
349b4411276b1b4e1a72ce7e8ce392ae,1967.ogg
061749d28f02497972cb8049945d84c7,1968.ogg
a2218cdafb1826a40289de6ba180c4fe,1969.ogg
276932e27841ff9806aafeb462a2e9c7,1970.ogg
596ff1e533eec83fb516acc581761122,1971.ogg
6ef0383dbd234feb54ffe9706eb5af9d,1972.ogg
b860df3e0c73e58cd526b310b64b3d1a,1973.ogg
8f34d81d5d3d8487d224ae284cf89f10,1974.ogg
6a49c937e0e07cf6fd22ecbc25858103,1975.ogg
3289a66af324e9808c2f39afcadebd13,1976.ogg
a9bc58ed417f21cebef61cfd87985896,1977.ogg
69aeb7f45eb9d2d3388af81f62184350,1978.ogg
8aa7d61bf0abf7ef91eee02a5b634601,1979.ogg
f84bfc55879b68ff3e0d18b9e3d3cad4,1980.ogg
abd5ee27cadf36b976cd249a95bf32e4,1981.ogg
c05487aca4a69ddbbbc38d28f25e6354,1982.ogg
309cb034f5e7152eecc46c4baae56a05,1983.ogg
b5c0dd9e24690792ad580c5a40507ce7,1984.ogg
325e30dfd41249d28b7233466ab1e506,1985.ogg
64626913aadd01204ac613d8195e0960,1986.ogg
89dc8f1f4876ab65b0337c4ada9aa328,1987.ogg
f4789fbcc302571692af9618c2d4fa5a,1988.ogg
3b5655b8d78c93df058fad1e98e15a06,1989.ogg
7090813b6c7716b726cb9ba5327fbe01,1990.ogg
ecdeb82162045b5d370de1f775c1555a,1991.ogg
1447bd25517147c47ca496403ce408d9,1992.ogg
0f783d6b581fd9d1fe085efdb58df492,1993.ogg
b0c0434010d954f01e8bc09078773882,1994.ogg
3dfac18d33d5b563fccb6d41c63051c2,1995.ogg
a221fc76fda04885f970a8c6f397ac81,1996.ogg
c82f71f92fede7e3b39d334623e87c37,1997.ogg
0bed4256ac1d8983f13b684a6eaa1f3b,1998.ogg
3fd471db3c3a6f9c12d443c59adbcfc4,1999.ogg
0cb2cc6a7f8e57409c59931959ee74a1,2000.ogg
917e18d950d15a26475e3cd83ef9100c,2001.ogg
e126f32627fd81a2f86c80d6cfb29e85,2002.ogg
7984e58c79e105ff13f9c2ad8969e376,2003.ogg
b12affe0e3e0ea29cb5ba338f8dc4219,2004.ogg
6d4cdbc6f1ad408edc846b91e61be95f,2005.ogg
4f4e0808579a2a6b193bcec147b4e841,2006.ogg
0ab6c1f9e0f0de43707f6c06cc4c9a5f,2007.ogg
6e6fae0413910a716ec01736399e363c,2008.ogg
a0649e0932ea11f028ad954f5bd6c729,2009.ogg
0225dc401170dbb13bb6b14d9fbe5e20,2010.ogg
01361139fdab28761dd5a31bbfcb5817,2011.ogg
9ce353bbf38aca9fe851c928f3599292,2012.ogg
653027a0ee2cf89e68777fa577095902,2013.ogg
28719045d30c75d3b6815829d8d8f81d,2014.ogg
ee3bdb49f0be343e2f5f9e9d57122c8d,2015.ogg
bbf00122b9ee66a09173f3a260406bc4,2016.ogg
27c8dedfcf371cc248a7e4b6b580aadd,2017.ogg
